,닉네임,댓글,날짜
1400,ㅇㅇ(59.14),내가 예언한다 이 만와 힛겔간다,2016.08.19 21:10:48
1401,머창정 ,힛갤안가면 디시개망인거지  - dc App,2016.08.19 21:13:11
1402,Blythe. ,퍄퍄퍄퍄,2016.08.19 21:13:15
1403,이오리장재미슴 ,시발ㅋㅋㅋㅋㅋㅋㅋㅋㅋㅋ,2016.08.19 21:15:55
1404,ㅇㅇ(211.36),퍄퍄퍄퍞,2016.08.19 21:17:09
1405,반고반고 ,시발ㅋㅋㅋ  - dc App,2016.08.19 21:18:57
1406,qazlal ,ㅋㅋㅋㅋㅋㅋㅋㅋㅋㅋㅋ,2016.08.19 21:19:26
1407,qazlal ,정신나간 퀄리티에 트랜드를 놓치지 않는 센스 가득한 만화?,2016.08.19 21:20:02
1408,유머킹 ,올만,2016.08.19 21:20:55
1409,유머킹 ,,2016.08.19 21:21:24
1410,zl젼간G ,게ㅡ츄,2016.08.19 21:22:13
1411,zl젼간G ,비추 0  퍄퍄,2016.08.19 21:22:31
1412,ㅇㅇ(219.240),캬  - dc App,2016.08.19 21:23:05
1413,cbuz ,ㅋㅋㅋㅋㅋ개추기관차 오져따ㅋㅋㅋㅋ -탕어해라,2016.08.19 21:24:54
1414,셈니:] ,,2016.08.19 21:25:22
1415,유머킹 ,퀄리티 개지리고 내용 좋고 님이 짱드셈,2016.08.19 21:25:27
1416,됴와 ,ㅋㅋㅋㅋㅋㅋㅋㅋㅋㅋㅋㅋㅋㅋ  - dc App,2016.08.19 21:26:42
1417,ㅇㅇ(1.249),ㅅㅂㅋㅋㅋㅋㅋㅋㅋㅋㅋㅋㅋㅋㅋㅋㅋㅋㅋㅋㅋㅋㅋㅋㅋ,2016.08.19 21:27:12
1418,ㅇㅇ ,개추를 안 박을 수가 없었다...광광 우러따,2016.08.19 21:29:35
1419,신드라고사 ,캬 ㅁㅊ다 ㅁㅊㅇㅋ ㅋㅋㅋㅋㅋㅋㅋㅋㅋㅋㅋㅋ,2016.08.19 21:29:36
1420,ㅇㅇ ,"데명, 박지은, 초 작가님이 직접 여자4를 연행해오실 때 너무 감동받아서 광광 우러따",2016.08.19 21:30:34
1421,ㅇㅇ ,어머추장언냐걸크러쉬,2016.08.19 21:30:53
1422,ㅇㅇ(112.187),원더우먼 테마도 깔아놓으면 좋을 듯,2016.08.19 21:31:02
1424,RCCE ,,2016.08.19 21:31:35
1423,ㅇㅇ ,이게 힛갤 안가면 윾식머튽 직무태만이지,2016.08.19 21:31:37
1425,ㅇㅇ(14.41),힛갤로 꺼져버려,2016.08.19 21:33:35
1426,ㅇㅇ(219.240),ㅋㅋㅋㅋㅋㅋㅋㅋㅋㅋㅋㅋㅋㅋㅋㅋㅋ,2016.08.19 21:36:09
1427,ㅇㅇ(211.227),어쩜 이렇게 양키맛이 날수 있는거죠?,2016.08.19 21:39:21
1428,홍se ,올해의 대작,2016.08.19 21:40:14
1429,ㅇㄹ(58.143),와우...이건..  ㅋㅋㅋㅋㅋㅋㅋㅋㅋ,2016.08.19 21:40:28
1430,에미콜론(211.206),씨발 미친쉑ㅋㅋㅋㅋㅋㅋㅋㅋㅋㅋㅋㅋㅋㅋㅋㅋㅋㅋㅋㅋㅋㅋㅋㅋㅋㅋㅋㅋㅋㅋㅋㅋㅋㅋㅋㅋㅋㅋㅋㅋㅋㅋ,2016.08.19 21:40:42
1431,놀고먹고 ,,2016.08.19 21:40:58
1432,ㅇㅇ(39.118),이것이 힛갤감이다,2016.08.19 21:43:12
1433,고라니4 ,머박,2016.08.19 21:44:53
1434,고라니4 ,메갈1,2016.08.19 21:45:07
1435,ㅇㅇ ,힛갤로,2016.08.19 21:45:49
1436,ㅇㅇ(119.203),힛갤 안갈시 알바 애미디짐,2016.08.19 21:45:55
1437,미쿠냥프로듀서 ,ㅋㅋㅋㅋㅋㅋㅋㅋㅋㅋㅋㅋㅋ  - dc App,2016.08.19 21:46:10
1438,빅의학맨 ,오졌다 시팔,2016.08.19 21:46:47
1439,ㅇㅇ(104.131),이대로 븅신같이 방관만하고 있으면 닥쳐올 미래다,2016.08.19 21:47:30
1440,ㅇㅇ(61.255),ㅋㅋㅋㅋㅋㅋㅋㅋㅋㅋㅋㅋㅋㅋ,2016.08.19 21:47:36
1441,ㅇㅇ(124.197),대박 ㅋㅋㅋㅋㅋㅋㅋㅋㅋㅋㅋㅋㅋㅋㅋㅋㅋㅋㅋㅋㅋㅋㅋㅋㅋ,2016.08.19 21:49:09
1442,dd(175.205),근데 애기낳는 장면은 'the creep' 뮤직비디오랑 흡사하네요. 아니 뭐 그렇다고요,2016.08.19 21:50:37
1443,ㅇㅇ(59.187),설마 여기서 끝은 아니겠지,2016.08.19 21:53:16
1444,rma ,ㅋㅋㅋㅋ,2016.08.19 21:56:05
1445,머창정 ,존나 신기한개 추천122개 될 동안 비추가 한개도없다. 걍 연재해 시발  - dc App,2016.08.19 21:57:38
1446,ㄴㄴ(59.13),티 사이즈 ㅅㅂ ㅋㅋㅋㅋㅋ,2016.08.19 21:57:48
1447,ㅇㅇ(223.62),역대급이다 시발 웃지도 않고 감탄만함 예술이야 예술,2016.08.19 21:59:30
1448,유머킹 ,이건 비추있으면 안되제. 참말로 안되제,2016.08.19 21:59:41
1449,ㅇㅇ(178.62),메갈 미화 개심하네 너무 멀쩡하게 그린거 아니냐,2016.08.19 22:00:55
1450,ㅇㅇ(117.55),힛갤가자,2016.08.19 22:01:48
1451,.(123.212),순위권,2016.08.19 22:09:23
1452,뿌렉 ,시간이 늦어서 내일 갈듯,2016.08.19 22:10:16
1453,B(210.103),비추는 메갈이구나?,2016.08.19 22:12:26
1454,ㄷㄱㅂㅈ ,진짜 개쩐다,2016.08.19 22:13:17
1455,ㅊㅅㅂ(211.36),ㅋㅋㅋㅋㅋㅋ,2016.08.19 22:14:58
1456,ㅇㅇ(122.35),넌 헬조선에 있을 인재가 아니다. 넓은 세상으로 나가라,2016.08.19 22:16:04
1457,ㅇㅇ(122.35),알바야 힛갤 안보내면 메갈이라고 봐도 되지?,2016.08.19 22:16:38
1458,MKD ,팝콘,2016.08.19 22:22:41
1459,ㄷㄷ(61.98),힛갤로,2016.08.19 22:23:26
1460,ㅇㅇ(183.109),너도 남자라서 살아남은거야,2016.08.19 22:28:57
1461,ㅇㅇ ,크 차력쇼,2016.08.19 22:29:01
1462,Atmega328 ,한숨,2016.08.19 22:29:24
1463,Burdock ,마지막에 묶여있는거 덴마냐ㅋㅋㅋㅋㅋㅋㅋㅋㅋ씨발ㅋㅋㅋㅋㅋㅋㅋㅋㅋㅋ,2016.08.19 22:30:03
1464,ㅇㅇ(125.177),와 퀄봐라 진짜 개쩐다,2016.08.19 22:30:33
1465,파폭 ,올해의 명작,2016.08.19 22:30:46
1466,파폭 ,'작가'님의 혜안에 눈물과 박수를 드립니다 ㅠㅠ,2016.08.19 22:31:10
1467,빅의학맨 ,메갈알바 ^^ 졷옹이 주작글은 초개념가도 메갈까면 못가~~,2016.08.19 22:31:58
1468,정유♠ ,고퀄 ㅊㅊ,2016.08.19 22:33:16
1469,ㅇㅇ(124.5),솔직히 힛갤로 가야 한다,2016.08.19 22:33:59
1470,ㅇㅇ(124.5),힛갤 버튼 눌러라,2016.08.19 22:34:07
1471,ㅇㅇ(175.125),컄ㅋㅋㅋㅋㅋㅋㅋㅋㅋㅋㅋㅋㅋㅋㅋㅋ,2016.08.19 22:35:08
1472,ㅁㄴㅇㄹ(220.92),ZZZZZZZZZZZZZZZZZZZZZZZZZZZZZZZZZZZZZ,2016.08.19 22:37:41
1473,ㅇㅇ(1.234),올해 대작만화 나왔다,2016.08.19 22:38:53
1300,파폭 ,빨리 힛갤가라,2016.08.19 22:39:45
1301,ㅁㄴㅇㄹ(220.92),힛갤 보내라,2016.08.19 22:41:54
1302,curock ,미쳤다  - dc App,2016.08.19 22:42:41
1303,l.l.k. ,힛갤ㄱㄱ,2016.08.19 22:46:58
1304,너현무실 ,힛갤로 빨리보내,2016.08.19 22:50:31
1305,씨씨(14.138),엌ㅋㅋㅋㅋㅋ - DCW,2016.08.19 22:55:33
1306,ㅇㅇ(175.196),힛/갤/가/라,2016.08.19 22:56:10
1307,ㅇㅇ(175.210),캬 갓띵작 만드느라 뜸했노 이기야,2016.08.19 22:57:46
1308,ㅇㅇ ,세상에 ㅋㅋㅋㅋㅋ,2016.08.19 22:59:43
1309,위험한속옷S ,이왜안힛?,2016.08.19 23:00:20
1310,ㅇㅇㅇ(175.210),와 근데 님 진짜 코믹스 패러디할때부터 느꼈는데 왜 메이저 안가고 여기서 비비적 거림?,2016.08.19 23:02:13
1311,금송아지 ,대작들고 오셨네 ㄷㄷㄷ  - dc App,2016.08.19 23:07:06
1312,금송아지 ,개추,2016.08.19 23:07:10
1313,ㅇㅇ(183.96),ㅋㅋㅋㅋㅋㅋㅋㅋㅋ  - dc App,2016.08.19 23:10:46
1314,Jagdlöwe ,명작보려고 멀리서 달려왔닼ㅋㅋㅋㅋㅋㅋ  - dc App,2016.08.19 23:12:18
1315,ㅇㅇ(124.58),판타스틱4 미쳤다,2016.08.19 23:16:36
1316,Mne ,소식듣고왔다 역시 명작은 다르군,2016.08.19 23:19:02
1317,NociJeR ,시밬ㅋㅋㅋㅋㅋㅋㅋ  - kapow,2016.08.19 23:23:58
1318,데레그랄 ,오젹다,2016.08.19 23:29:39
1319,ㅈㄱㄱ(61.255),역시 미쳐야 잘 그린다고 .....,2016.08.19 23:31:50
1320,ㅇㅇ(122.44),잘 그리네,2016.08.19 23:34:40
1321,로버트 오언(122.37),힛갤로 힛갤로 희대의 명작에 개추 박고 간다,2016.08.19 23:34:56
1322,chase ,이건 진짜 힛갤감,2016.08.19 23:41:29
1323,dd(119.202),힛갤 아직 안갔냐?? 알바야 뒤질래??,2016.08.19 23:42:42
1324,ㅌㄱㅇ(14.48),응 히깰로 히끆!,2016.08.19 23:44:32
1325,당근 ,,2016.08.19 23:45:48
1326,당근 ,,2016.08.19 23:46:13
1327,유리사 ,ㅋㅋㅋㅋㅋㅋ 고퀄 꿀잼ㅋㅋㅋㅋㅋㅋ  - 유리사,2016.08.19 23:48:33
1328,Ekis ,ㅁㅊ,2016.08.19 23:49:03
1329,M416 ,ㅋㅋㅋㅋㅋㅋㅋㅋㅋㅋㅋㅋㅋㅋㅋㅋㅋㅋㅋㅋㅋㅋㅋㅋㅋㅋㅋㅋㅋㅋㅋㅋㅋㅋㅋㅋㅋㅋㅋㅋㅋㅋㅋㅋㅋㅋㅋㅋㅋㅋㅋㅋㅋㅋㅋㅋㅋㅋㅋㅋㅋㅋㅋㅋㅋㅋㅋㅋㅋㅋㅋㅋㅋㅋㅋㅋㅋㅋㅋㅋㅋㅋㅋㅋㅋㅋㅋㅋㅋㅋㅋㅋㅋ,2016.08.19 23:59:50
1330,ㅈㄹㅈ(39.122),알바개씨발년아 힛갤 아직도 안보냈냐 애미뒤진 조선족년이,2016.08.20 00:00:15
1331,ㅇㄹㅇ(175.113),퀄리티 미쳤네 시밬ㅋㅋㅋ,2016.08.20 00:02:45
1332,ㅁㅁ(124.5),주갤에서 보니까 알바 메갈이라는데,2016.08.20 00:03:32
1333,2147483647 ,ㅁㅊ,2016.08.20 00:06:48
1334,ㅇㄹ(1.245),딱맞놐ㅋㅋㅋㅋ,2016.08.20 00:07:40
1335,4GGGGG ,미친시발 ㅋㅋㅋㅋㅋㅋㅋㅋㅋㅋㅋㅋ 누가 보면 다른 만화 대사만 바꾼줄 알겠다,2016.08.20 00:08:16
1336,응아니야 ,XXLㅋㅋㅋㅋㅋㅋㅋㅋㅋ,2016.08.20 00:10:01
1337,ㅅㄲㅁㅇ ,퀄리티 미쳤네,2016.08.20 00:12:57
1338,유기농사과 ,오졌구요,2016.08.20 00:12:57
1339,구름가는대로 ,힛갤감이여 ㅋㅋㅋㅋ,2016.08.20 00:13:30
1340,논돼지 ,노잼,2016.08.20 00:13:53
1341,논돼지 ,여자를 욕하면 똑똑한줄아냐,2016.08.20 00:14:10
1342,논돼지 ,근데 저년들도 씨발 면상보면 남자라고 치고 욕해야한다,2016.08.20 00:14:28
1343,유머킹 ,ㄴ 나타났다...!,2016.08.20 00:14:54
1344,ㅁㄴㅇㄹ(220.125),와 이건 만고에 전해질 걸작이다,2016.08.20 00:15:08
1345,11(59.11),머지막에 잘보니 진짜 덴마네ㅋㅋㅋㅋ ㅁㅊ,2016.08.20 00:15:49
1346,체득 ,,2016.08.20 00:16:50
1347,ㅇㅇ(211.200),ㅋㅋㅋㅋㅋㅋㅋㅋㅋㅋㅋㅋㅋㅋ개쩐다 ㅋㅋㅋㅋㅋ,2016.08.20 00:16:54
1348,ㅇㅇ(182.231),ㅋㅋㅋㅋㅋㅋㅋㅋㅋ,2016.08.20 00:22:33
1349,머창정 ,알바새꺄 빨랑빨랑힛갤로올려드려라  - dc App,2016.08.20 00:23:11
1350,유머킹 ,싸게싸게 보냅시다,2016.08.20 00:24:20
1351,ㅇㅇ(121.171),얘는 그림은 잘그리면서 왜 이렇게 저질 3류 쓰레기 내용만 그리냐,2016.08.20 00:34:48
1352,저하늘멀리날아가는 ,힛갤로~~~~힛갤로~~~~~힛갤로~~~~~ ^ㅠ^,2016.08.20 00:40:35
1353,ㅇㅇ(180.65),미친 시발 재능낭비라는게 이런거 아니냨ㅋㅋㅋㅋㅋㅋㅋㅋㅋㅋㅋㅋㅋㅋㅋㅋㅋ,2016.08.20 00:40:48
1354,ㅇㅇ(180.65),재능낭비 그 자체이신 분,2016.08.20 00:40:57
1355,ㅇㅇ(223.33),게이물 연재좀 ㅅㅂ 왜 그만둠,2016.08.20 00:45:59
1356,프로럽갤러 ,형님연재좀 ㅁㅊㄷ ㅁㅊㅇ ㅋㅋ,2016.08.20 00:52:37
1357,프로럽갤러 ,빨리 힛갤안날리고뭐하냐,2016.08.20 00:55:37
1358,dd(220.77),메갈미화 개쩌네  - dc App,2016.08.20 00:56:51
1359,반반무01 ,히토다 히토  - dc App,2016.08.20 01:03:49
1360,디씨콘너므조아 ,,2016.08.20 01:09:06
1361,무제 ,와 이건 국보급이야,2016.08.20 01:16:31
1362,ㅇㅇ(125.185),와지렷다..  - dc App,2016.08.20 01:25:23
1363,ㅇㅇ(59.22),힛갤로 꺼져,2016.08.20 01:27:00
1364,abc. ,흠칫,2016.08.20 01:30:09
1365,Voidream ,이사람은 참 대단하단 말이지  - dc App,2016.08.20 01:35:54
1366,ㅈㄱㄱ(61.255),제에에발 메이저로 좀 가라,2016.08.20 01:36:40
1367,ㅇㅇ(210.117),윾식이 메갈하노 힛갤로 안올리고 뭐하노,2016.08.20 01:37:49
1368,호감닉 ,쥰나 웋겨 ㅋㅋㅋㅋㅋㅋㅋㅋㅋㅋ,2016.08.20 01:41:02
1369,ㅇㅇ(211.225),쿵쾅이들이 부들거리며 뒤로가기를 누를 게시물입니다 ㅋㅋㅋㅋㅋㅋㅋㅋㅋ,2016.08.20 01:45:21
1370,드레드모어(112.166),시발 존나 자연스러운 코믹스 퀄리티 보소,2016.08.20 01:48:26
1371,vv(218.233),이미 3마리 왔다감 wwwwwwwwwwwwwwwww,2016.08.20 01:58:08
1372,GOR_ ,미쳤다,2016.08.20 02:00:38
1373,GOR_ ,대작보소,2016.08.20 02:01:05
1374,ㅇㅇ(122.37),알바야 힛갤 안보내냐,2016.08.20 02:10:37
1375,ㅇㅇ(122.37),알바야 힛갤 안보내냐,2016.08.20 02:10:56
1376,ㅇㅇ(122.37),알바야 힛갤 안보내냐,2016.08.20 02:11:16
1377,ㅇㅇ(122.37),알바야 힛갤 안보내냐,2016.08.20 02:11:44
1378,ㅇㅇ(122.37),세계기록유산 가자,2016.08.20 02:14:31
1379,뉴비(106.249),맙소사 미래예측능력 엄청난거봐라...,2016.08.20 02:16:35
1380,ㅇㅇ(49.142),이건 힛갤이야,2016.08.20 02:32:17
1381,ㅇㅇ(124.61),미친 매드맥스에 중간 닼나라 베인 대사보소;;; 패러디 씹오지네;;;,2016.08.20 02:33:41
1382,ㅇㅇ(222.235),올 한해 통틀어 카연갤 베스트 퐈이브안에 들 띵작이다  퍄퍄퍄퍄펴퍞퍄퍄퍄퍄 다들 무릎꿇어라,2016.08.20 03:38:25
1383,ㅇㅇ(222.99),난죽택,2016.08.20 04:24:52
1384,ㅇㅇ(59.5),알바야 직무윾기 작작하고 힛갤로 쳐 보내라,2016.08.20 04:39:12
1385,클로이. ,ㄸ  - dc App,2016.08.20 04:43:32
1386,농ㅋ부 ,,2016.08.20 05:00:56
1387,파파이스 ,아아니 시발ㅋㅋㅋㅋㅋㅋㅋㅋㅋㅋㅋㅋㅋ,2016.08.20 05:07:13
1388,파파이스 ,설마했는데 푸젖,2016.08.20 05:07:17
1389,댕청한댕댕이 ,,2016.08.20 05:08:38
1390,ㅇㅇ(220.126),알바새끼 뭐하냐,2016.08.20 05:09:09
1391,ㅇㅇ(220.126),남자라서 살았다 광광우럭따ㅠㅠㅠㅠㅠ,2016.08.20 05:14:09
1392,ㅇㅇ(122.35),ㅋㅋㄱㅋㅋㅋㅋㄱㅋㅋㅋㅋㄱㅋㅋㅋㅋㅋㅋㄱ,2016.08.20 06:14:25
1393,S.d ,개쩐다 ㄷㄷㄷ,2016.08.20 06:28:01
1394,ㅇㅇ(124.50),너무 뮤섭땅.. ㄷㄷ,2016.08.20 07:57:43
1395,ㅇㅇ(210.179),변절자들 이쁜거봐ㅋㅋ,2016.08.20 08:10:47
1396,만델브로트.set ,갓-띵-작,2016.08.20 08:31:37
1397,별베가☆ ,세상에...,2016.08.20 08:46:06
1398,27.100 ,,2016.08.20 08:49:33
1399,27.100 ,,2016.08.20 08:49:38
1200,27.100 ,,2016.08.20 08:49:42
1201,27.100 ,,2016.08.20 08:49:45
1202,27.100 ,,2016.08.20 08:49:55
1203,ㅁㄴㄹㅇ(110.70),저기나온 웹툰작가들보다 잘그리네 시발ㅋㅋㅋㅋㅋㅋㅋㅋㅋ,2016.08.20 09:00:43
1204,UGR. ,개이물저1고 이게 뭐야 ㅋㅋ,2016.08.20 09:29:29
1205,올뱀 ,ㅋㅋㅋㅋㅋㅋㅋㅋㅋㅋㅋㅋㅋㅋㅋ,2016.08.20 10:12:35
1206,우럭따리우럭따 ,미친현실묘사 지리고  - dc App,2016.08.20 10:21:11
1207,ㅇㅇ(223.62),남자라서...살았다..,2016.08.20 10:27:10
1208,ㅎㅎㅎ(218.149),희대의 걸작이네 ㅋㅋㅋㅋㅋㅋㅋㅋㅋㅋ 어여 힛갤 안보내냐 ㅋㅋㅋㅋㅋ,2016.08.20 10:28:06
1209,운영자,-------------------------- 원본 댓글 -----------------------------,2016.08.20 10:33:31
1210,운영자,"순위권, 반복리플, 욕설, 도배리플 등은 삭제됩니다.",2016.08.20 10:33:31
1211,운영자,힛갤에 등록된 게시자에게 기념품을 드립니다. 관련갤러리 클릭하셔서 배송지를 남겨주세요!,2016.08.20 10:33:31
1212,운영자,,2016.08.20 10:33:31
1213,sile ,세상에,2016.08.20 10:34:32
1214,미믹 ,헐레벌떡,2016.08.20 10:34:53
1215,십마사 ,3,2016.08.20 10:37:01
1216,Khiara ,퍄,2016.08.20 10:37:36
1217,ㅇㅇ(58.235),더러운 돼지년들 주제를 좀 알고 살아라,2016.08.20 10:38:20
1218,ㅇㅇ(118.216),곧 쿵쾅댈 게시물입니다.,2016.08.20 10:38:26
1219,이르파넹 ,(쿵쾅쿵쾅),2016.08.20 10:38:41
1220,이르파넹 ,,2016.08.20 10:39:00
1221,양치기β ,이얔ㅋㅋㅋㅋㅋㅋㅋㅋㅋㅋㅋㅋㅋㅋㅋㅋㅋㅋㅋㅋㅋ,2016.08.20 10:39:48
1222,오드리~ ,곧 쿵쾅거릴 게시물입니다,2016.08.20 10:42:59
1223,첩첩산중 ,산 넘어 산이니 첩첩산중이네.,2016.08.20 10:45:15
1224,첩첩산중 ,골 깊은 계곡에 물 흐르니 심심산천이네.,2016.08.20 10:45:17
1225,한강맨 ,오졋따리 조졋따~,2016.08.20 10:45:46
1226,댕청한댕댕이 ,드디어왔네  - dc App,2016.08.20 10:49:36
1227,네내 ,6,2016.08.20 10:50:58
1228,네내 ,9,2016.08.20 10:51:03
1229,wtf(121.145),wtf!!!!! I don wanna die!!!,2016.08.20 10:54:50
1230,wtf(121.145),wtf!!!!! I don wanna die!!!,2016.08.20 10:54:56
1231,wtf(121.145),wtf!!!!! I don wanna die!!!,2016.08.20 10:55:05
1232,흥칫풍칫 ,,2016.08.20 10:56:01
1233,흥칫풍칫 ,6,2016.08.20 10:56:12
1234,검은폭군 ,,2016.08.20 10:57:31
1235,Gist ,존나잘그리네 ㅅㅂ ㅋㅋ,2016.08.20 10:57:42
1236,앦녕 ,ㅋㅋㅋㅋ 개미쳤노,2016.08.20 10:59:13
1237,앦녕 ,,2016.08.20 10:59:21
1238,모르네요 ,,2016.08.20 10:59:57
1239,Marek* ,훌쩍,2016.08.20 11:02:01
1240,(ꇐ₃ꇐ) ,아 씨발ㅋㅋㅋㅋㅋㅋㅋㅋㅋㅋㅋㅋㅋㅋㅋㅋㅋㅋㅋㅋㅋㅋㅋㅋㅋㅋㅋㅋㅋㅋㅋㅋㅋㅋㅋㅋㅋㅋㅋㅋㅋㅋㅋㅋㅋㅋㅋㅋㅋㅋㅋㅋㅋㅋㅋㅋㅋㅋㅋㅋㅋㅋㅋㅋㅋ - DCW,2016.08.20 11:02:02
1241,Marek* ,팝콘,2016.08.20 11:02:07
1242,펜니르 ,남자라서  살았다ㅋㅋㅋㅋㅋㅋㅋㅋㅋㅋㅋㅋㅋㅋㅋㅋㅋㅋㅋㅋㅋㅋㅋㅋㅋㅋ,2016.08.20 11:02:10
1243,Marek* ,짝짝,2016.08.20 11:02:15
1244,Marek* ,단축,2016.08.20 11:02:19
1245,Marek* ,3,2016.08.20 11:02:22
1246,Marek* ,2,2016.08.20 11:02:27
1247,Marek* ,으쓱,2016.08.20 11:02:39
1248,ㅇㅇ(180.224),이 미친놈 전보다 실력이 늘었는데ㅋㅋㅋㅋㅋㅋㅋ,2016.08.20 11:03:03
1249,76033871 ,씨발 이게 힛갤오네 ㄱㄱㄱㅋㅋㅋㅋㅋㅋㅋㅋ,2016.08.20 11:03:55
1250,병신만보면짖는개 ,,2016.08.20 11:04:08
1251,양지로 ,야이ㅎㅎ 그래서 만화 안볼꺼야~? ㅎㅎ,2016.08.20 11:05:26
1252,++++ ,,2016.08.20 11:06:33
1253,++++ ,,2016.08.20 11:06:39
1254,++++ ,,2016.08.20 11:06:44
1255,메우메우기여어 ,미친ㄷㄷ  - dc App,2016.08.20 11:07:24
1256,김봉길 ,진짜 존나 웃기네 씨발 ㅋㅋㅋㅋㅋㅋㅋㅋㅋㅋㅋㅋㅋㅋㅋㅋㅋㅋㅋㅋㅋㅋㅋㅋㅋㅋㅋㅋㅋㅋㅋㅋㅋㅋㅋㅋㅋ,2016.08.20 11:07:58
1257,리ㅣ ,아! 너무 무섭다콘  - dc App,2016.08.20 11:09:03
1258,신드라고사 ,캬 힛갤왓다 ㅋㅋ,2016.08.20 11:10:35
1259,ㅇㅇ(112.154),남자라서 살았다 ㅋㅋㅋㅋㅋㅋㅋㅋㅋㅋ,2016.08.20 11:10:41
1260,을의연애 ,대작이다 ㄹㅇ,2016.08.20 11:11:55
1261,ㅇㅇ(183.109),"진짜 작화, 개연성, 대사 뭐 빠지지 않는띵작이다 ㅇㅈ",2016.08.20 11:13:06
1262,dd(221.167),진짜 퀄리티 쩌네,2016.08.20 11:14:07
1263,LOOQ ,10,2016.08.20 11:14:58
1264,ㅇㅇ(58.140),띵작 ㅇㅈ 개추박고간다,2016.08.20 11:15:16
1265,제ㄹㅏ툴 ,비추실명제ㄷㄷㄷㄷㄷ,2016.08.20 11:15:29
1266,SAI ,ㅋㅋㅋㅋㅋㅋㅋㅋㅋㅋㅋㅋㅋㅋㄲㅋㅋㅋ,2016.08.20 11:16:50
1267,책을얽매는뱀장어 ,남자라서 살았다,2016.08.20 11:19:06
1268,Utori ,미래즈라  - dc App,2016.08.20 11:21:59
1269,사과즙 ,ㅋㅋㅋㅋㅋㅋㅋㅋㅋㅋㅋㅋㅋ,2016.08.20 11:25:19
1270,dd(211.215),쓰잘데기 없이 고퀄..,2016.08.20 11:30:04
1271,디마테차 ,맘껏 먹고! 맘껏 즐기고! 마테차!,2016.08.20 11:31:28
1272,코중님복귀 ,Hail Megal  - dc App,2016.08.20 11:32:46
1273,DJ.Alfonso ,,2016.08.20 11:35:26
1274,DJ.Alfonso ,,2016.08.20 11:35:28
1275,DJ.Alfonso ,,2016.08.20 11:35:31
1276,DJ.Alfonso ,,2016.08.20 11:35:33
1277,DJ.Alfonso ,,2016.08.20 11:35:35
1278,163906 ,묶음,2016.08.20 11:37:09
1279,훗카리크 ,이게힛갤이지,2016.08.20 11:39:52
1280,타요집이타요 ,,2016.08.20 11:40:25
1281,쩨군 ,,2016.08.20 11:41:15
1282,구고마 ,메갈님들 제발 목숨만 살려주십시오 저는 좆간입니다,2016.08.20 11:44:42
1283,ㅇㅇ(223.62),양키냄새 오진다 존나잘그리네,2016.08.20 11:45:09
1284,나비향파는새끼(223.62),비추실명젴ㅋㅋㅋㅋㅋㅋㅋㅋㅋㅋㅋㅋㅋㅋㅋㅋㅋㅋㅋㅋㅋㅋㅋㅋㅋㅋㅋㅋㅋㅋㅋㅋㅋㅋㅋ  - dc App,2016.08.20 11:45:13
1285,뼈렐리아 ,네다홍,2016.08.20 11:46:37
1286,영리화 ,4,2016.08.20 11:48:08
1287,ㅇㅇ(218.49),비추누른 메갈3마리 당장 나와라www,2016.08.20 11:52:11
1288,dragunov ,4,2016.08.20 11:53:11
1289,ㅇㅇ(119.192),세상에 언냐들 이게 뭐긔,2016.08.20 11:53:33
1290,ㅇㅇ(175.204),쿵쾅쿵쾅,2016.08.20 11:54:40
1291,오우거 ,히또다 히또!,2016.08.20 11:58:03
1292,ㅇㅇ(118.32),헬조센에서 재능썩히지말고 해외 문 두드리셈  - dc App,2016.08.20 11:58:55
1293,ㅇㅇㅇ(211.220),이런 끔직한 세상은 누가 구원하냐 ㅅㅂ...,2016.08.20 12:03:30
1294,서유리하면열파참 ,,2016.08.20 12:05:30
1295,ㅇㅇ(104.129),ㅋㅋㅋㅋㅋㅋㅋㅋㅋ,2016.08.20 12:06:08
1296,ㅇㅇ(122.254),베츙쿤~ 그렇게 여자가 좋아?,2016.08.20 12:06:10
1297,sdd(125.141),너무 팩트만 나열해서 솔직히 재미는 없는데 그림퀄이 너무 지림.. 스토리작가하나 구해라,2016.08.20 12:12:31
1298,지니위즈쟝 ,작화 좆고퀄 와,2016.08.20 12:12:51
1299,ㅁㄴㅇㄹ(223.62),존나 잘그렸네 ㅋㅋㅋㅋㅋㅋㅋㅋㅋㅋㅋㅋ  - dc App,2016.08.20 12:13:30
1100,♡마키쨩♡ ,,2016.08.20 12:14:24
1101,아도비스 ,비추 적은거보소 ㅋㅋㅋ,2016.08.20 12:16:11
1102,강남돼지 ,그림퀄은 예전부터 ㄹㅇ 디진다 진짜,2016.08.20 12:16:34
1103,imout0flove(223.62),씨발 너무 무섭다  - dc outside,2016.08.20 12:17:21
1104,금송아지 ,,2016.08.20 12:20:22
1105,금송아지 ,,2016.08.20 12:20:26
1106,ㅁㅁ ,,2016.08.20 12:20:28
1107,spot. ,,2016.08.20 12:21:00
1108,크림우동 ,02,2016.08.20 12:21:25
1109,ㅇㅇ ,,2016.08.20 12:23:46
1110,고스트발키리 ,ㅋㅋㅋㅋㅋㅋㅋㅋㅋㅋㅋㅋㅋ 와 나 어디서 퍼온거 대사만 바꾼줄 알고 그림 존나 딱딱 맞네 햇는데 그린거였구나,2016.08.20 12:26:10
1111,고스트발키리 ,퀄에 놀라고 알찬 내용에도 놀라고 좋은 만화 감사합니다 개추 ^^,2016.08.20 12:26:22
1112,ㅇㅇ(125.183),아 너무 무섭다,2016.08.20 12:27:21
1113,zㅣ존포쓰어둠 ,,2016.08.20 12:30:26
1114,zㅣ존포쓰어둠 ,,2016.08.20 12:30:31
1115,zㅣ존포쓰어둠 ,,2016.08.20 12:30:35
1116,ㅇㅇ(210.183),ㅗㅜㅑ,2016.08.20 12:37:11
1117,목탁깎던노인 ,4,2016.08.20 12:41:19
1118,ㅇㅇ(121.140),으어엌ㅋㅋㅋㅋㅋㅋㅋ,2016.08.20 12:42:32
1119,.(116.255),딴건 다 그렇다 쳐도 수술도구 중에 M16이 있는건 완전 뜬금없다.,2016.08.20 12:43:17
1120,ㅇㅇ(125.128),중간에 여자웹툰작가 알파캣아님?,2016.08.20 12:43:35
1121,ㅇㅇ(223.62),얼굴 현실반영보소 ㄷㄷ,2016.08.20 12:43:48
1122,ㅇㅇ(223.62),갓파캣을 어디에 갖다 붙이냐,2016.08.20 12:47:56
1123,ㅇㅇ(223.62),"데명, 박지은, 초구만",2016.08.20 12:48:29
1124,머격변 ,ㅁㅊ,2016.08.20 12:50:04
1125,ㅇ(1.233),헉,2016.08.20 12:52:10
1126,ㅇㅇ ,짹짹이 존나 깨알같네 ㅋㅋㅋㅋㅋㅋㅋㅋㅋ  - dc App,2016.08.20 12:54:53
1127,꾸쿠까깎 ,,2016.08.20 12:56:15
1128,식스티미닛맨 ,그림 진짜 잘 그린다 ㅋㅋ DC나 마블 가서 작화가 도전해보는 건 어떠려나,2016.08.20 13:06:51
1129,ㅇㅇ(125.128),아니 중간에 메갈년한테 붙잡힌 여자들 중에 알파캣 같다고 생각든다,2016.08.20 13:08:11
1130,ㅇㅇ(125.128),아니 중간에 메갈년한테 붙잡힌 여자들 중에 알파캣 같다고 생각든다,2016.08.20 13:08:12
1131,위험한속옷S ,마지막 덴마ㅋㅋㅋ,2016.08.20 13:08:55
1132,ㅇㅇ(59.24),시발ㅋㅋㅋㅋㅋㅋㅋㅋㅋㅋ  - dc App,2016.08.20 13:09:32
1133,ㅇㅇㅇㅇㅇ(46.101),중간에 변절자보고 알파캣 작가 떠오른건 나뿐이냐,2016.08.20 13:09:51
1134,ㅇㅇ(183.98),우와 진짜 잘그렸다 나 처음에 딴사람이 그린 그림에 대사만 바꾼건줄 알았어.. 이정도면 완전 프론데?ㅎㅎ,2016.08.20 13:11:29
1135,ㅇㅇ(59.28),메갈없으면 하루도 못사시는 한남충들ㅜㅜ 사실상 어둠의 메사모..,2016.08.20 13:11:51
1136,asdf(168.126),조와요,2016.08.20 13:12:18
1137,빅픽쳐잭스나 ,배트게이가 더 낫다,2016.08.20 13:12:28
1138,ㅇㅇ(175.210),힛갤 왔노 ㅋㅋㅋㅋㅋㅋㅋㅋㅋㅋㅋㅋㅋㅋ,2016.08.20 13:13:43
1139,구글 ,여)여 자지만 힛갤 띵작 인정한다,2016.08.20 13:16:26
1140,VDQS ,오져따,2016.08.20 13:16:43
1141,임나연 ,ㅋㅋㅋㅋㅋㅋㅋㅋㅋㅋㅋㅋㅋㅋㅋㅋㅋㅋㅋㅋ,2016.08.20 13:17:13
1142,ㄴㄴ(61.99),ㅋㅋㅋㅋㅋㅋㅋㅋㅋㅋㅋㅋㅋㅋㅋㅋㅋㅋㅋㅋㅋㅋㅋㅋㅋㅋㅋㅋㅋㅋㅋㅋㅋㅋㅋㅋㅋㅋㅋㅋㅋㅋㅋㅋㅋㅋㅋㅋㅋㅋㅋㅋㅋㅋㅋㅋㅋㅋㅋㅋㅋㅋㅋㅋㅋㅋㅋㅋㅋㅋㅋㅋㅋㅋㅋㅋㅋㅋㅋㅋㅋㅋㅋㅋㅋㅋㅋㅋㅋㅋㅋㅋㅋㅋㅋㅋㅋㅋㅋㅋㅋㅋㅋㅋㅋㅋㅋㅋㅋㅋㅋㅋㅋㅋㅋㅋㅋㅋㅋㅋㅋㅋㅋㅋㅋㅋㅋㅋㅋㅋㅋㅋㅋㅋㅋㅋㅋㅋㅋㅋㅋㅋㅋㅋㅋㅋㅋㅋㅋㅋㅋㅋㅋㅋㅋㅋㅋㅋㅋㅋㅋㅋㅋㅋㅋㅋㅋㅋㅋㅋㅋㅋㅋㅋㅋㅋㅋㅋㅋㅋㅋㅋㅋㅋㅋㅋㅋㅋㅋㅋㅋㅋㅋㅋㅋㅋㅋㅋㅋㅋㅋㅋㅋㅋㅋㅋㅋㅋㅋㅋㅋㅋㅋㅋㅋㅋㅋㅋㅋㅋㅋㅋㅋㅋㅋㅋㅋㅋ,2016.08.20 13:19:29
1143,변절자(211.36),비추실명제는 모 야메룽다,2016.08.20 13:19:34
1144,dd(182.210),이렇게 계속 혐오에 혐오로만 대응하면 결국 더 심해지기만 할건데.. 좀 둘다 그만하면 안돼나?,2016.08.20 13:20:53
1145,ㅇ오ㅇ(221.160),팩트폭력이 아니라 팩트살인 팩트학살급  - dc App,2016.08.20 13:21:18
1146,ㅇ오ㅇ(221.160),메퇘지 15마리ㅋㅋㅋㅋㅋㅋㅋ애잔ㅋㅋㅋㅋㅋ  - dc App,2016.08.20 13:22:00
1147,ㅇㅇ(61.99),ㄴ 언냐 ㅋㅋㅋ  - dc App,2016.08.20 13:25:36
1148,ㅇㅇ(119.200),혐오에 혐오로만 대응하면 여자만 손해지 뭘.. 일본 보고도 모르나?,2016.08.20 13:33:22
1149,고따먹 ,이 씨바ㅋㅋㅋㅋㅋㅋㅋ,2016.08.20 13:35:01
1150,산릿우타 ,메퇘지들은 혐오를 혐오로 맞서는게 뭐가 문제에요 !!! 빼애애액!!! 거리는데 ㅋㅋㅋㅋㅋㅋㅋㅋㅋㅋㅋ제발 혐오한새끼 면전에 가서 빼액질좀 해라 ㅋㅋㅋㅋ 애꿏은 생사람란테 빼액거리지말고 ㅋㅋㅋㅋㅋㅋ  - dc App,2016.08.20 13:41:17
1151,앙-!! ,와 고퀄 띵작 ㅋㅋ  - 앙?앙!앙♥,2016.08.20 13:42:19
1152,ㅇㅇ(58.151),씨발ㅋㅋㅋㅋㅋㅋㅋㅋㅋ  - dc App,2016.08.20 13:42:28
1153,ㅇㅇ(121.188),괜히 뚱뚱한사람만 편견생기게햇는데 재네는 비만사림들한테 혐오로맞서 싸우신거냐 ㅋㅋㅋㅋㅋ  - dc App,2016.08.20 13:42:31
1154,ㅇㅇ(116.37),퀄 오져따리 오져따 지려따리 지려따,2016.08.20 13:43:00
1155,ㅇㅇ(121.188),글고 저기나오는 주장이 메퇘지들이 직접 주잔하는건데 팩트폭력 자제  - dc App,2016.08.20 13:43:31
1156,ㅇㅇ(175.209),600추,2016.08.20 13:50:19
1157,앙ㄱ1모띠(211.212),와ㅋㅋㅋㅋㅋㅋㅋㅋㅋㅋㅋ팩폭ㅋㅋ  - dc App,2016.08.20 13:51:17
1158,ㅇㅇ(221.156),비추실명제@@@@@@@@@@@@@@@@@@@@@@@@@@@@@@@@@2,2016.08.20 13:51:40
1159,ddd(223.62),갓치님들 제발 목숨만은 살려주십쇼,2016.08.20 13:55:56
1160,ㅇㅇ(1.216),레전드다 진심 졸라잘그리네 ㅋㅋㅋㅋ,2016.08.20 13:56:29
1162,ㅇㅇ(27.124),못생긴 돼지같은 여자들은 사라져라  - dc App,2016.08.20 13:59:52
1161,DJ풍전 ,힛갤로,2016.08.20 13:59:54
1163,ASD(175.205),남자라 살았다..,2016.08.20 14:00:24
1164,ㅇㅇ(174.31),남성 비만률이 훨 높은데 왜 이게 팩폭이지.. 암튼 난 탈조선해서 비추는 안누른다 이제 너네끼리 싸웡  그리고 남자든 여자든 나는 남친여친 필요없다 싶으면 영어공부해서 미국 와라 의외로 일할곳도 많고 살만하다 일단 에어컨을 하루종일 돌리니까 인성이 온화해짐  - dc App,2016.08.20 14:00:39
1165,서현진리 ,남자라 살았다,2016.08.20 14:03:32
1166,ASD(175.205),ㄴ응아니야,2016.08.20 14:03:46
1167,서현진리 ,남성비만률같은 소리하네 ㅋㅋㅋ 워마드랑 메갈에 대해서 좆도 모르면 개추찍고 꺼지세요,2016.08.20 14:04:07
1168,(⊙v⊙) ,ㅋㅋㅋㅋㅋㅋㅋㅋㅋㅋㅋㅋㅋㅋㅋㅋㅋㅋㅋ,2016.08.20 14:04:09
1169,(⊙v⊙) ,덩실,2016.08.20 14:04:26
1170,l3579421 ,라면먹다가 토했잖아 시발,2016.08.20 14:04:44
1171,Jagdlöwe ,난 왜 이 새끼가 당장 미국으로 가서 코믹스 일러레고 살면 되 나을거라 생각하냐....  - dc App,2016.08.20 14:05:49
1172,ㅇㅇ(174.31),아니 그냥 난 저기 사이즈 고치는거때문에 말한거임 남성비만률 높은거 혹시 메갈 워마드 주작임?    - dc App,2016.08.20 14:06:58
1173,ㅇㅇ(174.31),그리고 메갈이 여시랑 비슷한거 아닌가 난여잔데 나는 디씨하지만 내친구들은 여시 엄청 많이함 20대여자들 5분의 1은 여시할듯  - dc App,2016.08.20 14:08:41
1174,ㅈㄷ(59.25),우웨에에에엑  - dc App,2016.08.20 14:08:42
1175,짹짹이(175.112),ㅋㅋㅋ 그와중에 파랑새,2016.08.20 14:09:46
1176,ㅇㅇ(121.142),ㅇㅇ,2016.08.20 14:11:11
1177,ㅇㅇ(121.142),야호!,2016.08.20 14:11:13
1178,뿌렉 ,'ㅅ' 한국 비만율 30대 남성이 제일 높게 나오긴했음,2016.08.20 14:11:35
1179,뿌렉 ,여시는 여자 주갤이라고 보면될듯,2016.08.20 14:11:54
1180,ㅇㅇ(211.211),ㄷㄷㄷㄷㄷㄷㄷㄷㄷㄷㄷㄷㄷㄷㄷㄷㄷ,2016.08.20 14:13:15
1181,ㅇㅇ(14.55),배로 북치는거 보소 ㅋㅋ  - dc App,2016.08.20 14:16:41
1182,mistamac ,,2016.08.20 14:18:17
1183,mistamac ,ㅇㅈ,2016.08.20 14:19:11
1184,갓규벨(210.179),퀄 ㄷㄷㄷㄷ,2016.08.20 14:19:46
1185,dd(118.38),퍄,2016.08.20 14:20:17
1186,윾동4(211.228),아 너무 무섭다  - dc App,2016.08.20 14:21:05
1187,ㅇㅇ(121.138),ㅊㅊ 고소조심하구ㅋㅋㅋ,2016.08.20 14:28:07
1188,쿠타바루비 ,진짜 좆같이 생기기도 했네;,2016.08.20 14:28:36
1189,ㅇㅇ(218.237),디시 만화 올타임 넘버원,2016.08.20 14:33:46
1190,ㅇㅇ(118.217),나 메갈 아닌데 솔까 이 만화 개노잼인듯..퀄은 좀 높다는겋인정하는데 만화자체는 노잼....공감도 안되고 신선하지도 않고..,2016.08.20 14:35:49
1191,ㅇㅇ(182.231),이걸 왜 혐오에 대한 혐오로 보냐 병크를 풍자한 걸로 봐야지,2016.08.20 14:37:31
1192,ㅇㅇ(175.223),디씨에 똥던지는 새끼도 이정도 그리는데 강풀이나 웹툰 연재하는 새끼들은 진짜...  - dc App,2016.08.20 14:38:13
1193,ㅇㅇ(211.36),나도 솔직히 메갈은 안하는데 이거 씹노잼임;;,2016.08.20 14:39:34
1194,ㅇㅇ(124.80),나 메갈 아닌데 솔까 이 만화 히트다 히트,2016.08.20 14:40:57
1195,파파이스 ,님 지금 짹짹이에서 메갈로돈들한테 조리돌림당하고있음,2016.08.20 14:45:49
1196,파파이스 ,웃대가 그렸다 / 오유가 그렸다 / 외국만화 대사만 바꿨다 / 기타등등.........,2016.08.20 14:46:13
1197,ㅇㅇ(182.231),118.217// 인터넷 잘 안 하거나 최근에 메갈 관련해서 일어난 사건 모르면 재미없을 수도 있음 근데 그걸 잘 알면 이게 진짜 미친 만화라는 게 보임,2016.08.20 14:46:48
1198,ㅇㅇ(118.34),뭐야이게 재미없어,2016.08.20 14:49:11
1199,개미하릍기 ,ㅇ  - dc App,2016.08.20 14:49:44
1000,ㅇㅇㅇ(1.209),시발 진짜 너무 잘그렸다 메갈년들,2016.08.20 14:51:19
1001,ㅇㅇ(121.200),난 메갈이랑 여시 안하긴 하는데 만화는 재미도없고 공감도 안되고... 그냥 열폭하는 만화같아 ㅠㅠ  - dc App,2016.08.20 14:52:52
1002,ㅁㅁ(223.62),웜퇘지들 빼액거리면서 노잼노잼 울부짖는거 꿀잼 ㅎㅎ  - dc App,2016.08.20 14:53:34
1003,ㅁㅁ(223.62),"물론 메갈,여시 안하시겠죠 워마드 하는 웜퇘지분 ㅎㅎ  - dc App",2016.08.20 14:54:06
1004,니벅(175.114),난 솔직히 메갈이랑 여시 안하는데 재미가 없긴개뿔 명작이다 명작 메퇘지들 노잼노잼하면서 보들보들 꿀꿀꿀 캬아아아ㅋㅋㅋㅋㅋㅋㅋㅋㅋㅋㅋㅋㅋㅋㅋㅋㅋㅋㅋㅋㅋㅋㅋㅋㅋㅋㅋㅋㅋㅋㅋㅋㅋㅋㅋㅋㅋㅋㅋ,2016.08.20 14:55:29
1005,니벅(175.114),마지막에 깨알같은 덴마 ㅋㅋㅋㅋㅋㅋㅋㅋㅋㅋㅋㅋㅋㅋㅋㅋㅋㅋㅋㅋㅋㅋㅋㅋㅋㅋㅋㅋㅋㅋㅋㅋㅋㅋㅋㅋ,2016.08.20 14:55:55
1006,ㅇㅇ(223.62),비추 실명제  - dc App,2016.08.20 14:55:56
1007,ㅇㅇ(222.232),돼지년들 노잽부들거리는거 꿀잼 ㅋㅋㅋㅋㅋㅋㅋㅋㅋㅋㅋ,2016.08.20 14:57:00
1008,ㅇㅇ(58.233),메갈련들 디씨 못잃어~,2016.08.20 15:05:30
1009,ㅇㅇ(124.197),난 연약한 50대 할머니에 메갈 안하지만~ㅋㅋㅋㅋ 만화 너무너무 재밌는거 같아ㅋㅋㅋㅋ  패러디에 일침에 그림체에 완전 재밌구 맘에듬 ㅋㅋㅋㅋ,2016.08.20 15:07:32
1010,ㅇㅇ(59.27),와 희대의 명작이다 카연갤 베스트 5위안에 들듯,2016.08.20 15:10:47
1011,ㅇㅇ(116.123),깨알같은 트위터충 ㅋㅋㅋㅋㅋㅋㅋㅋㅋㅋㅋㅋㅋㅋㅋㅋㅋㅋㅋㅋㅋㅋㅋㅋㅋㅋㅋㅋㅋ,2016.08.20 15:16:23
1012,ㅇㅇ(122.35),언냐들 왜그래? 막 족발이 부들부들 떨리고그래?,2016.08.20 15:17:20
1013,ㅇㅇ(112.156),혐오를 혐오로 대한게 아니라 풍자한건데 대갈빡에 살쪄서 몰라 언냐들?,2016.08.20 15:17:54
1014,霧の大戰艦＿山城 ,존나 웃기네 씨발 ㅋㅋㅋㅋㅋㅋㅋ 추천줌  - dc App,2016.08.20 15:22:18
1015,마이클춍튼 ,웃음포인트가 뭐냐,2016.08.20 15:23:04
1016,린내상스 ,,2016.08.20 15:25:00
1017,린내상스 ,,2016.08.20 15:25:46
1018,린내상스 ,,2016.08.20 15:26:01
1019,ㅇㅇ(122.35),아니 왜 자꾸 웃음포인트를 찾아 너넨 예술작품 관람하면서 웃냐?,2016.08.20 15:26:12
1020,ㅇㅇ(116.34),ㅋㅋㅋㅋㅋㅋㅋㅋㅋㅋㅋㅋㅋㅋㅋㅋㅌㅋㅋ,2016.08.20 15:28:33
1021,뮤드라리스크 ,트위터시발ㅋㅋ,2016.08.20 15:29:49
1022,김지윤 ,,2016.08.20 15:30:38
1023,ㅇㅇ(223.62),쿵쾅쿵쾅쿵쾅매퇘지소리,2016.08.20 15:31:19
1024,《화신》 ,,2016.08.20 15:32:50
1025,《화신》 ,,2016.08.20 15:32:54
1026,《화신》 ,,2016.08.20 15:33:03
1027,멍뭉멍뭉뭉 ,,2016.08.20 15:37:22
1028,멍뭉멍뭉뭉 ,,2016.08.20 15:37:30
1029,멍뭉멍뭉뭉 ,,2016.08.20 15:37:33
1030,멍뭉멍뭉뭉 ,,2016.08.20 15:37:38
1031,멍뭉멍뭉뭉 ,,2016.08.20 15:37:40
1032,ㅇㅇ(125.142),트리플엑스라지에 스몰딱지 붙이는거 존나웃기네 ㅋㅋㅋㅋㅋㅋㅋㅋㅋㅋㅋㅋㅋㅋㅋㅋㅋㅋㅋㅋ 딱맞노!,2016.08.20 15:37:46
1033,ㅇㅇ(125.142),마지막 좆마까지 완벽 ㅋㅋㅋㅋㅋㅋㅋㅋㅋㅋㅋㅋㅋㅋㅋㅋㅋㅋㅋ,2016.08.20 15:37:58
1034,ㅇㅇ(125.142),섹시 앤드 푸시! ㅋㅋㅋㅋㅋㅋㅋㅋㅋㅋㅋㅋㅋㅋㅋㅋㅋㅋㅋㅋㅋㅋㅋㅋㅋ씨발,2016.08.20 15:38:06
1035,ㄱㄷ(210.100),"여시/메갈사태 모르는 년놈들+여시/메갈러:어맛 저게 뭐야? 혐오에 혐오로 대응하지 마세요!아는놈들/디시갤창들:띵작 ㅇㅈㅎㄴㄷ, 풍자로 봐야지 뭔 혐오여? 메갈가서나 지껄여라  - dc App",2016.08.20 15:42:57
1036,뿌렉 ,아 근데 확실히 느낀게 요즘 메갈관련 컨텐츠를 확실하게 정독하고 패러디를 한 흔적이 보이긴 함. 관심 없는 애들한텐 이게 뭐지? 싶을듯,2016.08.20 15:47:05
1037,뿌렉 ,관심없는 애들이 보고 별로라고 생각하면 그런거지뭐.. 웃으라고 그린 만환데 ' ㅅ',2016.08.20 15:47:33
1038,ddd(121.170),메갈돼짓년들 힛갤행ㅋㅋㅋㅋㅋㅋㅋ,2016.08.20 15:47:54
1039,ㅇㅇ(210.121),딱맞놐ㅋㅋㅋㅋㅋㅋㅋㅋㅋㅋㅋㅋㅋㅋㅋㅋㅋㅋㅋㅋㅋㅋㅋ개웃겼닼ㅋㅋㅋㅋㅋㅋㅋㅋㅋㅋㅋㅋㅋㅋㅋㅋ,2016.08.20 15:49:14
1040,보꾹 ,,2016.08.20 15:58:24
1041,노고치성애자 ,개추,2016.08.20 16:01:36
1042,ㅇㅇ(114.204),ㅋㅋㅋㅋㅋㅋㅋㅋㅋㅋㅋㅋㅋㅋㅋㅋㅋㅋㅋㅋㅋㅋ 팩트폭행,2016.08.20 16:04:10
1043,ㅇㅇ(112.162),개띵작 ㅋㅋㅋㅋㅋ,2016.08.20 16:08:26
1044,ㅇㅇ(149.202),이거 웃대에서 퍼갔는데 왜 오윾이 욕먹냐ㅋㅋㅋㅋㅋㅋㅋ http://gall.dcinside.com/board/view/?id=webtoon&no=1289721,2016.08.20 16:10:08
1045,열받아(112.172),명작이다 추천,2016.08.20 16:11:18
1046,부빠이 ,빳따,2016.08.20 16:13:46
1047,dd(222.117),깨알같은 비추실명제 보소 ㅋㅋㅋ 언냐들 쿵쾅대느라 힘드노ㅋㅋㅋㅋㅋ,2016.08.20 16:18:33
1048,ㅇㅇ ,5,2016.08.20 16:18:59
1049,ㅇㅇ(222.236),그림체 ㄹㅇ 서양그림체,2016.08.20 16:23:52
1050,ㄴㄴ(211.169),매드맥스 분위기로 그린거 빼면 틀린말 하나없는데? 특히 XXXL ㅋㅋㅋㅋㅋㅋㅋㅋㅋㅋㅋㅋㅋㅋㅋㅋㅋㅋ,2016.08.20 16:24:02
1051,ㅇㄴㅁ(121.170),그림 씹고퀄에 메갈면상묘사 ㅆㅅㅌㅊ는 부분이지만 재미는 읍네,2016.08.20 16:25:27
1052,새벽 ,,2016.08.20 16:26:30
1053,xba10 ,,2016.08.20 16:35:10
1054,xba10 ,,2016.08.20 16:35:12
1055,xba10 ,,2016.08.20 16:35:16
1056,xba10 ,,2016.08.20 16:35:18
1057,세슬롯 ,,2016.08.20 16:40:37
1058,세슬롯 ,,2016.08.20 16:40:42
1059,세슬롯 ,,2016.08.20 16:40:49
1060,ㅇㅇ(49.164),"그냥 재미없다고 하면 되지, 난 메갈 아닌데 ㅋㅋㅋㅋㅋㅋㅋㅋㅋㅋㅋㅋ",2016.08.20 16:45:19
1061,ㅇㅇ(121.189),"면상도 개 빻았고 몸매도 먹개비 수준이면 양심이라도 있어야지 세상에 어떤 붕쉰이 거미보다도 혐오스럽게 생긴 너거덜 육신을 보고 서겠냐? 니들 의견에 동조하는 일부 변질된 성애자들이 극소수 존재할수는 있겠지만 니들이 그토록 나대고 난리를 핀다고 한들, 유전적 성질은 절대로 변하지 않는다. 인류 아니, 생물이 수억년간 노력해서 나온 진화와 진리를 지방가득찬 뇌로 니들이 바꾸겠다고? 너무 웃기다 이기",2016.08.20 16:46:25
1062,ㅂㄷㅊ ,ㅋㅋㅋㅋㅋㅋㅋㅋㅋㅋㅋㅋㅋㅋㅋㅋㅋㅋㅋㅋㅋㅋㅋㅋㅋㅋㅋㅋㅋㅋㅋㅋㅋㅋㅋㅋㅋㅋㅋㅋㅋㅋ,2016.08.20 16:48:01
1063,dd(122.32),재밌는데 씨발들아,2016.08.20 16:53:00
1064,dd(122.32),"푸른젖꼭지 님, 아주 은퇴하지 마시고 가끔씩 이렇게 모습 비쳐줘요.",2016.08.20 16:53:46
1065,ㅁㅁ(175.192),ㄹㅇ 비추실명제 ㅁㅊㄷㅁㅊㅇ ㅋㅋㅋㅋㅋㅋㅋㅋㅋㅋㅋㅋㅋㅋ,2016.08.20 16:58:32
1066,ㅇㅇ(175.223),ㅋㅋㅋㅋ  - dc App,2016.08.20 17:00:49
1067,ㅇㅇ(183.107),메퇘지 셀룰떨리노ㅋㅋㅋㅋㅋㅋ,2016.08.20 17:01:56
1068,ㅇ-(210.101),언냐들 쿵쾅쿵쾅쿵쾅,2016.08.20 17:02:17
1069,목탁깎던노인 ,,2016.08.20 17:03:38
1070,ㅇㅇㅇ(121.144),깨알같은 짹짹이 ㅋㅋㅋㅋㅋㅋㅋㅋㅋㅋ,2016.08.20 17:07:39
1071,ㅇㅇ(211.195),ㄹㅇ 미쳤다 진짜,2016.08.20 17:10:57
1072,ㅇㅇ(59.14),북대신 배때지를ㅋㅋㅋㅋㅋㅋㅋㅋㅋㅋㅋㅋㅋㅋㅋㅋㅋㅋㅋㅋㅋㅋㅋㅋㅋㅋㅋㅋㅋ,2016.08.20 17:12:18
1073,ProPiler ,장도리보다 훌륭한 풍자만화다  - ♡Pile♡,2016.08.20 17:13:15
1074,ProPiler ,개추다개추  - ♡Pile♡,2016.08.20 17:13:23
1075,starquake ,팩카소 오졌닼ㅋㅋㅋㅋㅋㅋㅋㅋㅋㅋ  - dc App,2016.08.20 17:22:44
1076,ㅅㅁ(173.55),오유  멀티인 웃대에 이런 대작이..,2016.08.20 17:28:07
1077,ㅇㅇ(124.153),퍄퍄 ㅋㅋㅋㅋㅋㅋ,2016.08.20 17:29:53
1078,Pawn ,그림체 좋고 내용도 좋지만 조금 긴게 흠,2016.08.20 17:31:34
1079,七色。 ,게이물이 훨씬낫네 이거보단,2016.08.20 17:31:39
1080,七色。 ,걍 게이물로 돌아가라,2016.08.20 17:31:44
1081,ㅇㅇ ,조회수대비 추천수 존나높네 메갈언냐들 저러면 안되여~  - dc App,2016.08.20 17:36:18
1082,ㅁㄴㅇㄻㄴㅇㄹ(175.122),와 씨발 씹띵작ㅋㅋㅋㅋㅋㅋㅋㅋㅋㅋㅋㅋㅋㅋㅋㅋㅋㅋㅋㅋㅋㅋㅋㅋㅋㅋㅋㅋㅋㅋㅋㅋㅋㅋㅋㅋㅋㅋㅋㅋㅋ,2016.08.20 17:39:06
1083,ㅇㅇ(211.36),나 남잔데 이거 진심 노잼인데;; 뭐가 재밌다는건지??  ㄹㅇ로 이해가 안가잔아;;,2016.08.20 17:41:45
1084,황킹갓 ,,2016.08.20 17:43:29
1085,dd(210.123),ㄴ매드맥스 패러디다,2016.08.20 17:43:43
1086,정채성 ,트리플 엑스라짘ㅋㅋ  - dc App,2016.08.20 17:46:10
1087,葛城4 ,,2016.08.20 17:51:29
1088,葛城4 ,,2016.08.20 17:51:38
1089,ㅇㅇ(119.194),안웃긴놈들 아니 년들 메갈년,2016.08.20 17:55:02
1090,sdd(210.121),재미가 없는 이유: 1. 니가 매갈이라 2.너무 팩트만 나열함,2016.08.20 17:55:57
1091,剩餘人間 ,그림 진짜 잘 그린다 미국 카툰 보는줄 알았네,2016.08.20 18:03:02
1092,剩餘人間 ,,2016.08.20 18:03:21
1093,ㅇㅇ(59.21),미러링 ㅆㅅㅌㅊ;,2016.08.20 18:10:17
1094,ㅇㅇ(59.21),중간에 초코송이 이해안가는데 저거 뭘 깐거냐,2016.08.20 18:10:36
1095,우앙(116.36),와.... 엄청 잘그린다. 프로 작가나 일러스트레이터 아닌가여? 대체 뭐하시는 분인지 궁금....,2016.08.20 18:16:32
1096,ㅇㅇ ,여자가 봐도 갓띵작 인정합니다,2016.08.20 18:18:34
1097,ㅇㅇ(210.99),퀄리티가 너무 높아서 처음엔 미국만화에서 식질만 바꾼줄 알았는데 깜놀함,2016.08.20 18:20:02
1098,ㅇㅇ(123.213),ㅋㅋㅋㅋㅋㅋㅋㅋㅋㅋㅋㅋㅋ 눈물의 비추수 54~~~~~~!!!!  - dc App,2016.08.20 18:39:33
1099,dd(118.36),당연히 재미가 없지 메갈새끼들아 니네들 저렇게그려놨는데 잘도 웃기겠다 ㅋㅋㅋㅋㅋㅋㅋㅋ,2016.08.20 18:58:05
900,렌샤벨 ,,2016.08.20 18:59:17
901,Channel.J ,,2016.08.20 18:59:38
902,ㅇㅇ(223.62),이렇게 정성스럽게 그리면서까지 부들거리다니 솔직히 놀랍다 ㅋㅋㅋ 유리멘탈이네진짜,2016.08.20 19:02:02
903,ㅇㅇ(58.140),이건 유머가 아니다. [예술]이다.,2016.08.20 19:03:06
904,호갱님이다(39.115),힛갤곤볼7개 다모은거 축ㅎ하한다,2016.08.20 19:05:20
905,빵케이크 ,이게어케안웃길수가잇냐ㅋㅋㅋ,2016.08.20 19:09:20
906,빵케이크 ,근데 초코송이는 정말로 안웃김,2016.08.20 19:09:44
907,ㄹㄹ(220.125),맨날 썰이나 여행기 장난감 색칠이나 올라오던 힛갤에 진짜 제대로 된게 올라왔다 ㅋㅋ,2016.08.20 19:15:32
908,ㅇㅇ(125.188),ㅋㅋㅋㅋㅋㅋㅋㅋㅋㅋㅋㅋㅋㅋㅋ,2016.08.20 19:18:27
909,DE_R♡SA ,,2016.08.20 19:23:10
910,칠색화 ,56마리의 돼지새끼들,2016.08.20 19:27:20
911,비틱☆ ,,2016.08.20 19:30:41
912,lsak ,,2016.08.20 19:32:02
913,ㅇㅇㅇ(175.210),추천 천건 ㅅㅂ ㄷㄷㄷ,2016.08.20 19:33:04
914,세상에서제일귀여운제이 ,전방에 5초간 좆인정브레스 발싸!!!!,2016.08.20 19:34:44
915,ㅇㅇㅇ(175.210),근데 메갈만 알고 보면 재미 떨어질수도 있다고 생각함 요즘 사태 관심없었으면 이해 못해서 재미 없을수도있지 샹년들아,2016.08.20 19:34:58
916,ㅇㅇ(110.14),개추박고갑니다  - dc App,2016.08.20 19:40:05
917, ㅇㅇ(223.62),이거 외국 만화에 자막만 입힌거 아님?,2016.08.20 19:40:55
918,ErikA ,지나ㅉ 존나잘그림ㅋㅋㅋ,2016.08.20 19:42:46
919,토일 ,난 이번건 별루던데... 까는건 괜찮은데 재미가 좀 덜함,2016.08.20 19:52:29
920,[소노다] ,개추,2016.08.20 19:53:46
921,딥다크판타지 ,나 첨에 이거 원본 프리퀄 코믹스 대사만 바꾼 건줄 ㅋㅋㅋㅋㅋㅋㅋㅋㅋㅋㅋㅋㅋㅋㅋ,2016.08.20 19:55:52
922,HOI ,와 카타르시스 지리구요. 띵작 오지구요. 쿵쾅소리 개들리구요  - dc App,2016.08.20 19:56:23
923,ㅇㅇ(175.201),희대의 띵작이노 ㄷㄷㄷ,2016.08.20 20:01:55
924,ㅇㅇ(211.243),띵작 ㅇㅅ합니다 이기  - dc App,2016.08.20 20:09:20
925,dd(222.117),대단하다~,2016.08.20 20:25:13
926,Supercell ,구텐베르크 ㅋㅋㅋㅋㅋㅋㅋㅋㅋㅋㅋ 시발 ㅋㅋㅋㅋㅋㅋㅋㅋㅋㅋㅋ,2016.08.20 20:29:03
927,kaldrone ,진심 처음에 만화에다가 식질만한줄,2016.08.20 20:34:25
928,김파따 ,,2016.08.20 20:35:40
929,ㅇㅇ(1.239),1일1추 ㅋㅋㅋㅋㅋㅋㅋㅋㅋㅋㅋㅋㅋㅋㅋㅋㅋㅋㅋㅋㅋㅋㅋㅋㅋㅋㅋㅋㅋㅋㅋㅋㅋㅋㅋㅋㅋㅋㅋㅋㅋㅋㅋㅋㅋㅋㅋ,2016.08.20 20:41:38
930,준따기 ,매드맥스ㅋㅋㅋ,2016.08.20 20:44:03
931,ㅇㅇ(183.99),나 남잔데 1도 안웃김,2016.08.20 20:45:23
932,ㅇㅅㅇ(122.42),위아 섹시~ 앤드~ 푸시 !!!!!!!!!!!!,2016.08.20 20:47:51
933,ㅇㅇ(107.170),메퇘지들 통한의 비추 ㅋㅋㅋㅋㅋㅋㅋㅋㅋㅋㅋㅋㅋㅋㅋㅋㅋㅋㅋㅋㅋㅋㅋㅋㅋㅋㅋㅋㅋㅋㅋㅋㅋㅋㅋㅋㅋㅋㅋ,2016.08.20 20:48:12
934,ㅇㅅㅇ(122.42),그야말로 이 시대 최고의 예술작품이라 할수있겠다.,2016.08.20 20:48:57
935,ㅇㅇ(113.192),언냐들 말과 다르게 추천은 천개가 넘는다 ㅎㄷㄷ 츤데레들 맞지?,2016.08.20 20:50:30
936,ㅇㅇ(115.20),에어잣단 메갈웜마언냐들 한남 지배한다는 생각에 풀발기해서 추천박아놓고 재미없다고 투정부리는 거 봐~ 졸귀 존예보스~,2016.08.20 20:53:08
937,ㅇㅇ(203.243),'나 남잔데'  - dc App,2016.08.20 20:56:26
938,ㅇㅇ(220.71),아쉽겓 매드맥스를 안봐서 이해하기 힘들엇다.....,2016.08.20 20:56:53
939,ㅇㅇ(203.243),메퇘지 : 이게 뭐가 재밌다는것이지? 하나도 재미없는데(쿰척),2016.08.20 20:58:37
940,dd(121.158),비추보소 ㅋㅋㅋㅋ 메갈리안들 졸라 많네 ㅋㅋㅋㅋㅋㅋ,2016.08.20 21:03:46
941,(까마귀) ,그림체에 지리고 내용에 우럭따,2016.08.20 21:06:36
942,ㅇㅇ(175.120),"나 남잔데 안 웃겨, 하는 애들은 내가 나 여잔데  존나 웃겨 하면 어떻게 받아들일거냐?  ㅋㅋㅋㅋㅋㅋㅋㅋㅋㅋㅋㅋㅋㅋㅋㅋㅋㅋㅋㅋㅋㅋㅋ",2016.08.20 21:11:57
943,에슈논 ,19,2016.08.20 21:17:38
944,ㅇㅇ(221.149),재미없다는놈들 다 매퇘지냐ㅋㅋㅋㅋㅋㅋㅋㅋ,2016.08.20 21:18:38
945,((((((175.125),나 사실 여잔데 남자다....어떻하노 언냐들,2016.08.20 21:19:19
946,ㅇㅇ(119.202),나 여잔데 존나 웃겨 ㅋㅋㅋㅋㅋㅋㅋㅋㅋㅋㅋㅋㅋㅋㅋㅋㅋㅋ,2016.08.20 21:21:43
947,moja241(220.123),개추가 답,2016.08.20 21:22:10
948,블로노 부첼라티 ,뭔진 몰라도 좀 그림체 거부감 캐쩌네 ㅋㅋㅋㅋㅋ,2016.08.20 21:22:56
949,카레된장국 ,추천,2016.08.20 21:24:36
950,Heil_BIS ,"게임반군들이 몽땅 쳐죽이는것도 그려주세얌 보병 콜옵,배필  기갑 월땅,땅썬더 공군 워썬더 해군 월쉽,네필  - dc App",2016.08.20 21:26:05
951,비던무도무기야 ,ㅋㅋ킄ㅋㅋㅋㅋ킄ㅋㅋ컼ㅋㅋ캌ㅋㅋㅋㅋㅋㅋㅋ이게어떻게재미없을수잇지?ㅋㅋㄱㅋㅋㅋㅋㅋㅋ,2016.08.20 21:26:17
952,Thyer6837 ,ㅅㅂㅋㅋㅋㅋㅋㅋㅋㅋㅋㅋㅋㅋㅋ,2016.08.20 21:28:47
953,이승준(125.178),성지순례왔습니다,2016.08.20 21:33:13
954,ㅇㅇ(125.177),ㄹㅇ 윤서인급,2016.08.20 21:34:30
955,startoucher ,,2016.08.20 21:38:49
956,123123(125.185),판타스틱4 고무인간 깨알같이 가슴쳐진거보소 ㅋㅋㅋㅋㅋㅋㅋ,2016.08.20 21:40:11
957,ㅇㅇ(122.43),퍄퍄 메갈족발언냐들 이악물고 나 남잔데 노잼임 이지랄 ㅋㅋㅋㅋㅋㅋㅋㅋㅋㅋㅋ,2016.08.20 21:40:29
958,dddd(211.204),메퇘지들 부들부들 /꿀잼 ㅇㅈ,2016.08.20 21:40:42
959,ㅇㅇ(118.139),너무 잘만들어서 혐오스럽다 ㅅㅂ,2016.08.20 21:44:14
960,ㅇㅇ(175.210),아니 추천에 비해 비추비율 압도적으로 낮은데 메갈 다 어디갔냐 이기야 화력좀 보여달라 이기야,2016.08.20 21:45:29
961,WATAROO ,쿵코아쿵쾅쾅쿠쾅쿵코아쿵쾅쾅쿠쾅쿵코아쿵쾅쾅쿠쾅쿵코아쿵쾅쾅쿠쾅쿵코아쿵쾅쾅쿠쾅쿵코아쿵쾅쾅쿠쾅쿵코아쿵쾅쾅쿠쾅쿵코아쿵쾅쾅쿠쾅쿵코아쿵쾅쾅쿠쾅쿵코아쿵쾅쾅쿠쾅쿵코아쿵쾅쾅쿠쾅쿵코아쿵쾅쾅쿠쾅쿵코아쿵쾅쾅쿠쾅,2016.08.20 21:50:56
962,게르亡 ,이분 제대로 그리니까 진짜 코믹스같네,2016.08.20 21:52:36
963,ㅇㅇ(183.96),"뭐야 피에로 옷 비슷한 거 입고 'w' 얼굴한 놈, 그년도 메갈이었나ㅋㅋㅋㅋㅋ 가끔 짤 같은 거 보니까 별의별 훈계질하는 내용만 있던데 알고보니 불편하신 분이었네 ㅋㅋㅋㅋㅋㅋㅋㅋㅋㅋㅋ",2016.08.20 21:54:40
964,해파리 ,나 남잔데 존나웃곀ㅋㅋㅋㅋ,2016.08.20 21:56:12
965,ㅇㅇ(175.223),걸스 두낫 니더 프링ㅅ! 걸스 드낫 니더 프링ㅅ!,2016.08.20 21:56:40
966,란코PP ,,2016.08.20 21:57:20
967,SΡ ,추천1000개넘는거첨봄 ㅎㄷ;;;,2016.08.20 22:01:11
968,ㅇㅇ(223.62),댓글에 메갈 다 돌아가라~~~~  - dc App,2016.08.20 22:10:56
969,죽창 ,ㅋㅋㅋㅋㅋㅋㅋㅋㅋㅋㅋㅋㅋㅋㅋㅋㅋㅋㅋㅋㅋ  - dc App,2016.08.20 22:11:29
970,살바드라 ,미친....근데 진짜 일어날까 두렵다..아니 이미 일어난 일인가,2016.08.20 22:11:47
971,ㅇㅇ(49.1),퀼보고 자막만 입힌줄 알았는데 ㅋㅋㅋㅋㅋ,2016.08.20 22:12:42
972,ㅇㅇ(82.196),ㅋㅋㅋㅋㅋㅋㅋㅋㅋㅋㅋㅋㅋㅋㅋㅋㅋㅋㅋㅋㅋㅋㅋㅋㅋㅋㅋㅋㅋㅋㅋㅋㅋㅋㅋㅋㅋㅋㅋㅋㅋㅋㅋㅋㅋㅋㅋㅋㅋㅋㅋㅋㅋㅋㅋㅋㅋㅋㅋㅋㅋㅋㅋㅋㅋㅋㅋㅋㅋㅋㅋㅋㅋㅋㅋ,2016.08.20 22:13:25
973,ㅇㅇ(114.206),초코송이 씨발ㅋㅋㅋㅋㅋㅋㅋㅋㅋㅋㅋㅋㅋ  - dc App,2016.08.20 22:25:37
974,말퓨리온 ,,2016.08.20 22:29:29
975,ㅇㅇ(222.98),이거 직접 그린거였냐  첨엔 대사만 바꾼줄 알았는데? ㅋㅋㅋㅋㅋㅋㅋㅋㅋㅋㅋㅋ언냐들 이거 나만 불편하노?,2016.08.20 22:32:33
976,캬(222.117),갓추갓명제 메갈 77명 잡은거보소ㅋㅋㅋㅋㅋㅋㅋㅋㅋㅋㅋㅋㅋㅋㅋㅋㅋㅋㅋ,2016.08.20 22:32:42
977,선풍기프로펠러 ,ㅋㅋㅋㅋㅋㅋㅋㅋㅋㅋㅋㅋㅋㅋㅋㅋㅋㅋㅋㅋㅋㅋㅋㅋㅋ  - dc App,2016.08.20 22:32:47
978,ㅇㅇ(124.197),시발 존나 징그럽게 생겼다ㅋㅋㄱㅋㄱㄱㅋㅋㅅㅂㅋㅋㄱㄱㅋㅋㅋ,2016.08.20 22:33:30
979,ㅇㅇ ,77마리의 돼지 새끼들  - dc App,2016.08.20 22:33:43
980,ㅇㅇ(222.98),ㄴ언냐들 말만 그러지 추천수 천개 넘게 찍어줫다 너무 그러지마라 ㅋㅋㅋㅋㅋㅋㅋㅋㅋ 언냐들이 지배하는 세상인데 얼마나 좋냐,2016.08.20 22:34:47
981,ㄴㄴ(175.252),저 남자인데요이런거 별로 재미 없네요 여성분들 까기만 하고 이제 그만할때 입니다  - dc App,2016.08.20 22:42:58
982,아웃라이어(223.62),샤바,2016.08.20 22:43:16
983,게르마늄 ,흠좀무,2016.08.20 22:43:28
984,ㅇㅇ(118.176),추천수가 1500아따 ㅋㅋㅋㅋㅋㅋㅋㅋㅋㅋㅋㅋㅋㅋㅋㅋㅋㅋㅋㅋㅋㅋㅋㅋㅋㅋㅋㅋㅋㅋㅋㅋㅋㅋㅋ,2016.08.20 22:45:20
985,이어원 ,눈을 의심케하는 극사실주의 화백 퍄퍄퍄퍄,2016.08.20 23:00:44
986,ㅇㅇ(223.62),3번봤다 시발,2016.08.20 23:02:00
987,adasdasd(211.32),통한의 비추 보소 ㅋㅋㅋㅋㅋㅋㅋㅋㅋㅋ,2016.08.20 23:02:25
988,이어원 ,거기에 미래향적인 통찰력까지 갓띵작 ㅇㅈ합니다,2016.08.20 23:02:43
989,이성경 ,S에서 뿜었다 ㅋㅋㅋㅋㅋㅋㅋㅋㅋㅋㅋㅋㅋㅋㅋㅋㅋ,2016.08.20 23:07:49
990,ㅇㅇ(211.204),1600 추천에는 이유가 있다,2016.08.20 23:14:49
991,G타직업(175.112),나 쭉빵닷컴하는 여자인데너무웃기다ㅋㅋ,2016.08.20 23:15:18
992,상금이 ,한남충새끼들 신났네,2016.08.20 23:23:43
993,ㅇㅇ(118.220),나 메갈인데 노무 재밌다 이거야,2016.08.20 23:25:51
994,ㄴㅇㅅ호ㅛ서(1.177),전 진짜 여잔데요 이거 정말 재밌네요 ㅋㅋㅋㅋㅋㅋㅋㅋㅋㅋㅋㅋㅋㅋ,2016.08.20 23:32:41
995,Wanker ,ㅋㅋㅋㅋㅋㅋㅋㅋㅋㅋㅋㅋㅋㅋㅋㅋㅋㅋㅋㅋㅋㅋㅋㅋㅋㅋㅋㅋㅋㅋㅋㅋㅋㅋㅋㅋㅋㅋㅋㅋㅋㅋㅋㅋㅋㅋㅋㅋㅋㅋㅋㅋㅋㅋㅋㅋㅋㅋㅋㅋㅋㅋㅋㅋㅋㅋㅋㅋㅋㅋㅋㅋㅋㅋㅋㅋㅋㅋㅋㅋㅋㅋㅋㅋㅋㅋㅋㅋㅋㅋㅋㅋㅋㅋㅋㅋㅋㅋㅋ,2016.08.20 23:33:00
996,용암광전사 ,히트다 히트 띵작 나왔네  - dc App,2016.08.20 23:38:00
997,인간흉기내국 ,존나 잘그려서 처음엔 패러디인줄알았다,2016.08.20 23:38:19
998,ㅇㅇ(210.178),"남자가 굳이 부들거리면서 '남잔데 1도 재미없음, 노잼임' 이런 댓글 달 것 같냐ㅋㅋㅋㅋㅋㅋㅋㅋㅋㅋㅋㅋㅋ  - dc App",2016.08.20 23:38:44
999,ㅇㅇ(58.143),흠흠....디씨 힛갤 관리자 수준 알만 하네요...쿰척... 이딴 만화를 힛갤에 올려놓으니...쿰척... 조금 불편하네요...쿰척,2016.08.20 23:39:48
801,검은폭군 ,,2016.08.20 23:41:47
800,ㅁㄴㅇㅁㄴㅇ(112.170),여잔데 씨발 빵터졌다 ㅋㅋㅋㅋㅋㅋㅋㅋㅋㅋㅋㅋㅋㅋㅋ,2016.08.20 23:41:48
802,xXBakaTheMLG.. ,메갈년들 통한의 비추ㅋㅋㅋㅋㅋㅋㅋㅋㅋㅋㅋㅋㅋ  - dc App,2016.08.20 23:41:50
803,ㅇㅇ(124.49),여자라도 메갈이나 워마드 아니면 전혀 불편할거 없는 부분~,2016.08.20 23:42:56
804,ㅇㅇ(122.254),"댓글중에 ""저 남자인데요..""  남자같은소리하네",2016.08.20 23:43:47
805,ㅇㅇ(112.153),여잔데 진짜 봊나 우끼다 이깈ㅋㅋㅋㅋㅋㅋ,2016.08.20 23:47:06
806,ㅇㅇ(124.49),근데 추천수 ㄹㅇ 미쳤다 진짜;;,2016.08.20 23:51:08
807,ㅇㅇ(175.196),와 진짜 이거 존나 대작이다 씨발 ㅋㅋㅋㅋㅋㅋㅋㅋㅋㅋㅋㅋㅋㅋㅋㅋㅋㅋㅋㅋㅋㅋㅋ,2016.08.20 23:54:29
808,왓슨(101.235),무섭네 ㅅㅂ ...,2016.08.20 23:56:20
809,ㅇㅇ(59.21),메갈언냐들 당연히 개추찍는거 아님? 세상을 지배하면서 한남충들 존나 굴리고 여자4들도 초코송이만들었는데 개추눌러야지 ㅠㅠㅠㅠㅠㅠㅠㅠㅠㅠㅠㅠ,2016.08.20 23:58:42
810,미어정디복 ,저 남자인데요... 남자에요~헤헿,2016.08.21 00:01:20
811,aaaaaa(125.186),이거원래 매드맥스안보면 이해안되는거임?,2016.08.21 00:07:14
812,뿌렉 ,솔직히 메갈 워마드도 오히려 재밌게 볼거같은데 안그러냐,2016.08.21 00:08:06
813,뿌렉 ,나도 매드맥스는 안보고 트레일러같은것만 몇번봤을 뿐인데 매드맥스 안보면 이해가 안된다기 보다는 넥슨 김자연 성우 사건부터 웹갤까지 쭉 이어진 메갈사태 개보를 정확하게 전부 알고 있어야 재밌음,2016.08.21 00:09:35
814,ㅇㅇ(118.223),재미없는 건 맞음. 너무 경이적일 정도로 잘 그려서 재미가 놀라움에 묻힘,2016.08.21 00:09:55
815,뿌렉 ,메갈리아4 티셔츠 레진코믹스 이런 내용들,2016.08.21 00:10:21
816,NEO:Blue ,ㅋㅋㅋㅋ  - dc App,2016.08.21 00:10:24
817,뿌렉 ,솔직히 난 존나 웃었는데 진짜 안웃긴 애들은 걍 그런가보지...,2016.08.21 00:11:04
818,ㅇㅇ(125.252),당연히 원작만화있고 대사만 바꾼건줄 알고 봄,2016.08.21 00:12:28
819,실밤 ,17,2016.08.21 00:17:51
820,실밤 ,18,2016.08.21 00:17:58
821,도코모 ,누나들... 인터넷이랑 컴퓨터 끄고 밖에좀 나가고 그래....,2016.08.21 00:25:27
822,ㅇㅇ(223.62),나 레알 여자인데 쌌다. 재밌어서,2016.08.21 00:32:58
823,ㅇㅇ(58.125),신이시여 왜 이런 시궁창생쥐에게 금손을 주셨나이까?  - dc App,2016.08.21 00:35:31
824,ㅇㅇ(58.125),왜 귀한 재능을 이런 패악질에 쓰고 있냐? 언젠가는 이게 니 인생의 덫이 될꺼다  - dc App,2016.08.21 00:37:15
825,ㅇㅇ(110.46),미친 초코송이 ㄷㄷㄷㄷㄷㄷ,2016.08.21 00:37:51
826,ㅇㅇ(112.163),이거 왜이리 재밌지ㅋㅋㅋㅋㅋㅋㅋㅋㅋ 고맙다 덕분에 밤에 실컷 웃고감 이런 미래가 되어버릴까 겁나네,2016.08.21 00:40:59
827,ㅇㅇ(112.163),위에 쿵쾅언냐 발광중이네ㅠㅠ 메갈했던게 언냐 인생의 덫이 되는 걸 왜몰라,2016.08.21 00:41:43
828,ㅇㅇ(211.36),초코송이는 뭐 패러디임?  - dc App,2016.08.21 00:56:19
829,l.l.k. ,비추메갈제,2016.08.21 00:56:34
830,ㅇㅇ(223.62),좆꿀잼 씨발메갈년들 91명이나있네ㅜ ㅜ 흙흙 씹돼지들ㅋㅋ 봊나웃기네ㅋㅋㅋㅋ 잘그렷노 이기이기,2016.08.21 01:00:29
831,ㅇㅇ(27.117),메갈씹돼지 사람새끼 아닌년들 통한의 비추ㅋㅋㅋㅋㅋㅋㅋ  - dc App,2016.08.21 01:01:19
832,ㅇㅇ(27.117),"평생 남자손이라곤 도를아십니까 남자밖에 못잡아본년들이 ""나 남잔데-"" 이지랄ㅋㅋㅋㅋ  - dc App",2016.08.21 01:02:01
833,ㅇㅇ(27.117),사실 좆돼지메갈한테 년이라는 호칭을 붙이는것도 년에대한 모욕이지  - dc App,2016.08.21 01:02:29
834,ㅇㅇ(27.117),메갈은 걍 메갈 그자체로 최악의 모욕ㅋㅋㅋㅋ  - dc App,2016.08.21 01:02:44
835,ㅇㅇ(27.117),야 이 메갈아!ㅋㅋㅋㅋㅋ  - dc App,2016.08.21 01:02:53
836,ㅇㅇ(61.75),안웃겨서 뭘 어쩌란건지 누구 물어보신분?,2016.08.21 01:07:51
837,ㅇㅇ(61.75),아무도 재미없다고하는 니새끼 성별이 남잔지 여잔지 안궁금한데 그걸 구태여 밝히면서 씨부리는 말투부터가 오징어냄세 존나풍기니까,2016.08.21 01:09:00
838,ㅇㅇ(61.75),다음부터는 그냥 노잼 이라고 쓰세요 씹좃돼지 씹좆못쓰레기년들아,2016.08.21 01:09:21
839,ㅇㅇ(211.202),현재까지 메퇘지 ㅂㄷㅂㄷ횟수 92회 ㅋㅋㅋㅋㅋㅋㅋㅋㅋㅋㅋㅋㅋㅋㅋㅋㅋㅋㅋㅋㅋㅋㅋㅋㅋㅋㅋㅋㅋ,2016.08.21 01:13:21
840,크을린 ,93명 비추중량제 ㅋㅋㅋㅋ,2016.08.21 01:13:24
841,ㅁㄴㄱ(119.149),쿵-쾅 쿵-쾅,2016.08.21 01:27:56
842,ㅇㅇ(218.148),그림 개잘그린다 ㅋㅋㅋㅋㅋ  - dc App,2016.08.21 01:39:31
843,ㅇㅇ(218.148),내용또한 훌륭  - dc App,2016.08.21 01:39:39
844,ㅇㅇ(211.36),나 여자야붕이인데 ㄹㅇ로 개 씹띵작 ㅇㅈ한다 이거야,2016.08.21 01:47:07
845,ㅇㅇ(119.206),나 군필 남고생인데 이거 진짜 재미없음; 이게 웃기냐;;;,2016.08.21 01:47:43
846,ㅇㅅ(121.154),근데 재미없다 차라리리얼하게  땀흘리는 파오후 씹돼지로 그렸으면 나았을듯 뭔 외계종족처럼 그리니 옛날 북한 늑대로 그린 아동서적 보는 기분임,2016.08.21 01:55:36
847,dd(119.203),메갈을 혐오스럽게 (칭찬이다) 정말 잘 그렸다 왠만한 웹툰 작가보다 나은듯,2016.08.21 02:01:30
848,ㅇㅇ(49.171),언냐들 층간소음 어쩔거야~~,2016.08.21 02:08:53
849,ㅂㅊㅋ ,ㅋㅋㅋㅋㅋㅋㅋㅋㅋㅋㅋㅋㅋㅋㅋㅋㅋ,2016.08.21 02:19:23
850,ㅇㅇ(220.88),이런거 보면서 좋댄다.. 애잔하다진짜,2016.08.21 02:25:43
851,dd(219.255),220.88언냐등판,2016.08.21 02:28:38
852,ㅁㅁ123(211.36),ㅁ  - dc App,2016.08.21 02:28:41
853,dd(220.94),돼지들 등판해서 욕하는걸 보니 띵작 ㅇㅈ,2016.08.21 02:31:00
854,지나가던존문가 ,어째 여러곳에서 보던 분탕 IP들이 갑자기 남자인데 재미없네요로 뭉치네 신기하다,2016.08.21 02:35:43
855,어두움의다크니스 ,ㅋㅋㅋㅋㅋㅋㅋㅋㅋㅋ띵작인정합니다ㅋㅋㅋㅋㅋㅋㅋㅋㅋㅋㅋ,2016.08.21 02:36:28
856,dd(59.5),거울속 불편한 외모는 참을수 있지만 이 글을 읽는건 도저히 참을 수 없는 언냐들... 98명.. 무거운 손가락 옮기느라 수고 많았어...,2016.08.21 02:44:25
857,dd(59.5),하지만... 여기에 비추를 누른대도... 불편한건 사라지지 않아... 가서... 거울에게 따져...,2016.08.21 02:46:22
858,ㅇㅇ(112.148),???: 나 남자인데..,2016.08.21 02:56:13
859,ㅇㅇ(122.37),쿵쾅이들 101명 다녀가셨습니디,2016.08.21 02:58:21
860,ㅇㅇ(122.37),??:나 남잔데 재미없네...언냐들 보력지원 앙망한다이기!,2016.08.21 02:59:18
861,객원장 ,풍자굿 응원함돠!,2016.08.21 03:07:34
862,ㅇㅇ(59.5),것보다 추천 올라가는 속도가 장난 아니네 하루만에 근 2000개 가량 찍히고,2016.08.21 03:48:41
863,ㅇㅇ(110.70),(메갈이다메갈콘) 아참고로 나여잔데 재밋음,2016.08.21 03:59:21
864,ㅇㅂ(220.84),씨발 ㅋㅋㅋㅋㅋㅋㅋㅋㅋㅋㅋ 내용은 둘째 치고 개씹금손이네 씹고퀄 ㅋㅋㅋㅋㅋㅋㅋㅋㅋㅋㅋㅋㅋㅋㅋ,2016.08.21 04:16:24
865,ㅇㅂ(220.84),딱 좋노 이기 ㅋㅋㅋㅋ,2016.08.21 04:16:45
866,ㅇㅂ(220.84),깨알 같은 구텐베르킄ㅋㅋㅋㅋㅋㅋㅋㅋㅋㅋㅋㅋㅋㅋ 하긴 건곤감리를 건곤일척이라 부르는 년들인데 ㅋㅋㅋㅋㅋㅋㅋ 제대로네,2016.08.21 04:22:17
867,ㅇㅇ(122.43),이새끼 배트-게이 그리는새끼 아냨ㅋㅋㅋㅋㅋㅋㅋㅋㅋ시발진짜 어디서 대체 이런 약을 가져오는거냐 ㅋㅋㅋㅋㅋㅋ,2016.08.21 04:34:39
868,ㅇㅇ(221.167),ㅋㅋㅋㅋㅋㅋㅋㅋ개꿀잼,2016.08.21 05:01:04
869,ㅇㅇ(39.120),진심으로 중간까지 다른만화에 대사만 바꾼건줄 알았다,2016.08.21 05:28:13
870,맛있는생아몬드 ,정성이 느껴진다,2016.08.21 05:34:32
871,핀니 ,추천 2000넘었노ㅋㅋㅋㅋㅋㅋㅋㅋㅋㅋㅋㅋㅋㅋㅋㅋㅋㅋㅋㅋㅋㅋㅋㅋㅋㅋㅋㅋㅋㅋㅋㅋㅋㅋㅋㅋㅋ,2016.08.21 05:54:31
872,gkwlak ,씨바 존나 재밌네  - dc App,2016.08.21 06:20:32
873,ㅇㅇ(175.223),통한의 비추들 안타깝다,2016.08.21 06:22:52
874,영원한좃뉴비 ,너무진짜같아서 소름돋음 ㅁㅊ  - dc App,2016.08.21 06:24:32
875,ㅇㅇ(115.139),개띵작이네 ㅋㅋㅋㅋ 개추  - No.45 창민신,2016.08.21 06:56:02
876,ㅇㅇ(115.139),디시...쿰척...관리자도...생각이 없다 이기야!!....쿰척쿰척...이런 여혐....만화를 힛...쿰척...갤에....보내다니...쿰척 거기 치킨집이죠?  - No.45 창민신,2016.08.21 06:57:50
877,ㅇㅇ(218.49),이거 워마드에서 팬아트라고 겁나 조아해 ㅋㅋㅋㅋㅋ,2016.08.21 07:13:22
878,주갤의요정 ,,2016.08.21 07:36:07
879,ㅇㅇ(121.142),재능낭비다 진짜ㅋㅋㅋㅋ  - dc App,2016.08.21 07:49:53
880,ㅇㅇ(123.228),ㄱㅆㅅㅌㅊ 씨발 개추다ㅌㅋㅋㅋㅋㅋㅋㅋ,2016.08.21 08:01:56
881,민트초코우유여포 ,처음에 패러디인줄 너무 잘 그렸는뎈ㅋㅋㅋ 메갈은 여자도 싫어합니다 깔깔깔.,2016.08.21 08:22:02
882,ㅇㅇ(182.172),미러링이란게 결국 아이디어안되서 남자가만든거따라하는거  - dc App,2016.08.21 08:30:49
883,스톰크라운 ,ㅋㅋㅋㅋ진짜 나도 이거 보면서 원작 따로있는줄알았는뎈ㅋㅋㅋㅋㅋㅋ 약쟁이 ㅆㅅㅌㅊ  - 댕커엽,2016.08.21 08:38:09
884,ㅇㅇ(178.203),솔직히 그다지 공감이 안되는 만화네요. 이런걸 올려놓고 신나있을 한심한 영혼들을 보니,2016.08.21 08:39:10
885,선택장애(210.95),노잼이라는 놈들 : 네이쳐김이 쏘아올린 작은 공 사태를 모른다 or 웜퇘지 메갈련 ㅇㄱㄹㅇ? ㅇㄱㄹㅇ ㅇㅈ? ㅇㅇㅈ~~~~,2016.08.21 08:39:53
886,ㅇㅇ(223.62),워마드 개븅신ㅋㅋㅋ  지들까는건줄모르고 좋아하네 빡대가리 ㅇㅈ합니다ㅋㅋㅋㄱㅋㅋㄱ 캬 개멍청 ㄷㄷ,2016.08.21 08:39:57
887,ㅇㅇ(178.203),보력이 더 필요하다 이기! ㅋㅋㅋㅋㅋ   -   라고 쓸랬는데 엔터 눌러서 망했어 시바..,2016.08.21 08:40:52
888,0000(125.141),웹툰 정예군 젤 왼쪽 누구임?,2016.08.21 09:22:44
889,ㅇㅇ(114.200),존나 잘그리네 ㄷ,2016.08.21 09:22:48
890,ppuuruna ,개쩔어...,2016.08.21 09:35:35
891,고기¸ ,메갈년들 나중에 떡밥 다식을때쯤 등판해서 댓글 도배할거다,2016.08.21 09:49:52
892,ㅇㅇ(210.116),비추실명제 오지구요  - dc App,2016.08.21 09:56:46
893,ㅇㅇ(50.135),분명히 여자에 대한 공포 때문에 나온 만화라고 좋다고 지랄 발광들 할 것 같다. ㅋㅋㅋㅋㅋㅋㅋㅋ,2016.08.21 10:21:59
894,ㅇㅇ(1.212),ㅋㅋㅋㅋㅋㅋㅋㅋㅋㅋㅋ,2016.08.21 10:29:57
895,ㅇㅇ(1.212),너무 좋아서 실수로 개추도누르고 비추도 눌러버렸네,2016.08.21 10:30:25
896,니벅(175.114),"비추중량제 지금까지 112 x 100 = 11,200 Kg",2016.08.21 10:33:58
897,친알파 ,추천 박아라 이기,2016.08.21 10:43:27
898,친알파 ,,2016.08.21 10:43:45
899,ㅈㄹㅈ(223.62),노잼 맞는데? 근데 작화가 진짜 경이로운 수준임 작화만으로도 힛갤자격있음. 이게 재밌다는 놈들은 통구이 머구잼 유머수준인거,2016.08.21 10:45:58
700,ㅇㅇ(59.23),ㄴ 응 다음 메갈~,2016.08.21 10:47:16
701,ㅇㅇ(124.62),ㅋㅋㅋㅋㅋㅋㅋㅋㅋㅋ - DCW,2016.08.21 10:53:52
702,ㅇㅇ(222.117),퍄~퀼 오지네 개추,2016.08.21 11:01:15
703,ㅇㅇ ,ㅋㅋㅋ무거운 몸 이끄시고 웃음 머법관들 등판해서 작화에 비하면 노잼이거든요! 뿌에에에에엑,2016.08.21 11:04:46
704,dd(14.47),진짜 이 만화 내용이 재미없다.. 유머수준 떨어진다 .. 이러는 세기들은 메갈이라 공감을 못하는것,2016.08.21 11:10:39
705,겜하고가야지 ,ㅋㅋㅋㅋㅋㅋㅋㅋㅋㅋㅋㅋㅋ ㅆㅂ,2016.08.21 11:16:26
706,Marek* ,짝짝,2016.08.21 11:22:08
707,ㅇㅇ(110.14),"쿵쾅언냐들 좆노잼,공감안된다는거보소ㅋㅋㅋㅋ시발  - dc App",2016.08.21 11:29:51
708,ㅇㅇ(175.201),메갈년들 통한의 눈물,2016.08.21 11:35:58
709,ㅇㅇ(1.236),씨발겈ㅋㅋㅋㅋㅋㅋㅋㅋㅋㅋㅋㅋㅋㅋㅋㅋㅋㅋㅋㅋㅋㅋㅋㅋㅋㅋㅋㅋㅋㅋㅋㅋㅋㅋㅋㅋㅋㅋㅋㅋㅋㅋㅋㅋㅋㅋㅋㅋㅋㅋㅋㅋㅋㅋㅋㅋㅋㅋㅋㅋㅋㅋㅋㅋㅋ,2016.08.21 11:37:52
710,자연선혼 ,익숙하다 했는데 배트게이 걔구낰ㅋㅋㅋㅋㅋㅋ,2016.08.21 11:42:16
711,ㅇㅇ(118.217),댓글 중간중간에 메갈 콕콕 박힌거 보소,2016.08.21 11:44:26
712,ㅇㅇ(112.154),고문장면같은것도 없고 한남 잡아다 모셔놓기만 하는데 머냐.. 너무 착하다,2016.08.21 11:50:59
713,ㅇㅇ(112.154),"메갈은 남자 강간 하지도 않고 때리지도 않고 욕도 안하네,, 이거완전 현실이랑 똑같네,,",2016.08.21 11:53:30
714,입개 ,니들 입갤할때 입개르라고 하지마라,2016.08.21 11:54:06
715,입개 ,설레이거든,2016.08.21 11:54:09
716,포키 ,,2016.08.21 12:17:45
717,중량제년들(211.44),비추중량제 120 ㅇㅈㄸㄹ ㅇㅈㄸ,2016.08.21 12:17:48
718,ㅇㅇ(211.36),XXXL→S딱맞노이기 ㅋㅋㅋㅋㅋㅋㅋㅋㅋ,2016.08.21 12:25:38
719,목탁깎던노인 ,4,2016.08.21 12:31:47
720,ㅇㅇ(222.100),존나 웃긴다.ㅋㅋㅋㅋ,2016.08.21 12:38:33
721,ㅇㅇ(222.100),딱맞노에서 개뿜.,2016.08.21 12:38:40
722,탕슉 ,개추 티셔츠에서 빵터짐,2016.08.21 12:41:23
723,ee(59.187),현실고증 ㅅㅌㅊ ㅋㅋㅋㅋㅋㅋㅋㅋㅋㅋㅋㅋㅋ,2016.08.21 12:43:25
724,갓텐코mk2 ,더연재해라   - dc App,2016.08.21 12:45:05
725,ㅇ(112.150),언냐들 이거 나만...?,2016.08.21 12:52:06
726,기김기(124.49),근데 흐름이나 느낌이 미국만화같음. 미국 만화 마이너 갤러리에도 자주 와주세요. 사람이 없어요.,2016.08.21 12:53:40
727,ㅇㅇ(110.47),원사달고 제대한 26살 여군인데 정말재미 없네요....,2016.08.21 12:59:38
728,ㅇㅇ(211.206),좆돼지년들 표현잘해놨네 ㅋㅋㅋ,2016.08.21 13:03:13
729,ㅁㅈㅎ ,,2016.08.21 13:09:54
730,gkwlak ,씨-바 만화 다음편이 이렇게 기대되는거 얼마만이냐,2016.08.21 13:10:10
731,gkwlak ,,2016.08.21 13:10:30
732,asdf ,쿵쾅쾅 쿵쾅쾅 신나는 노래~~~~ 나도 한번~~~ 불러본다~~~~~,2016.08.21 13:14:58
733,SAI ,덩실,2016.08.21 13:15:05
734,SAI ,덩실,2016.08.21 13:15:11
735,데신자 ,"웹툰작가 3인방 = 데명, 박지은, 초",2016.08.21 13:16:41
736,화석머장 ,,2016.08.21 13:19:35
737,개미하릍기 ,ㅋ  - dc App,2016.08.21 13:24:41
738,ㅇㅇ(118.32),쿵쾅년들 이악물고 비추질보소  - dc App,2016.08.21 13:26:07
739,pmoxin(222.111),막짤 뭐냐 ㅋㅋㅋ다시보니 덴마였네,2016.08.21 13:33:04
740,ㅇㅇ(118.91),준장 달고 은퇴한 28살 여잔데 정말 재미없네요,2016.08.21 13:45:19
741,야요이야 ,ㅋㅋㅋㅋㅋㅋㅋㅋㅋㅋㅋㅋㅋㅋㅋㅋㅋㅋㅋㅋㅋㅋㅋㅋㅋㅋㅋㅋㅋㅋㅋㅋㅋ,2016.08.21 13:56:54
742,dd(1.11),미래예측은 ㅇㅂ다 이거야,2016.08.21 14:10:38
743,ㅇㅇ(110.70),현실은 더 추악하지만 눈알 썩을까봐 배려한거네 ㅇㅈ?,2016.08.21 14:20:06
744,ㅇㅇ(121.187),그리는 인간이나 보고 웃는 인간이나,2016.08.21 14:34:46
745,ㅇㅇㅇ(175.210),이천개 넘었다 댓글도 좀 비율 맞추자 싸게 싸게 달아라~~~~~,2016.08.21 14:35:54
746,ㅇㅇㅇ(175.210),이천개 넘었다 댓글도 좀 비율 맞추자 싸게 싸게 달아라~~~~~,2016.08.21 14:35:57
747,ㅇㅇㅇ(175.210),이천개 넘었다 댓글도 좀 비율 맞추자 싸게 싸게 달아라~~~~~,2016.08.21 14:35:58
748,ㅇㅇㅇ(175.210),이천개 넘었다 댓글도 좀 비율 맞추자 싸게 싸게 달아라~~~~~,2016.08.21 14:35:58
749,ㅇㅇㅇ(175.210),이천개 넘었다 댓글도 좀 비율 맞추자 싸게 싸게 달아라~~~~~,2016.08.21 14:35:59
750,ㅇㅇㅇ(175.210),이천개 넘었다 댓글도 좀 비율 맞추자 싸게 싸게 달아라~~~~~이천개 넘었다 댓글도 좀 비율 맞추자 싸게 싸게 달아라~~~~~이천개 넘었다 댓글도 좀 비율 맞추자 싸게 싸게 달아라~~~~~,2016.08.21 14:35:59
751,ㅇㅇㅇ(175.210),이천개 넘었다 댓글도 좀 비율 맞추자 싸게 싸게 달아라~~~~~,2016.08.21 14:36:00
752,ㅇㅇㅇ(175.210),이천개 넘었다 댓글도 좀 비율 맞추자 싸게 싸게 달아라~~~~~,2016.08.21 14:36:00
753,ㅇㅇㅇ(175.210),이천개 넘었다 댓글도 좀 비율 맞추자 싸게 싸게 달아라~~~~~,2016.08.21 14:36:01
754,ㅇㅇㅇ(175.210),이천개 넘었다 댓글도 좀 비율 맞추자 싸게 싸게 달아라~~~~~,2016.08.21 14:36:01
755,ㅇㅇㅇ(175.210),이천개 넘었다 댓글도 좀 비율 맞추자 싸게 싸게 달아라~~~~~,2016.08.21 14:36:01
756,ㅇㅇㅇ(175.210),이천개 넘었다 댓글도 좀 비율 맞추자 싸게 싸게 달아라~~~~~,2016.08.21 14:36:02
757,ㅇㅇㅇ(175.210),이천개 넘었다 댓글도 좀 비율 맞추자 싸게 싸게 달아라~~~~~,2016.08.21 14:36:03
758,ㅇㅇㅇ(175.210),이천개 넘었다 댓글도 좀 비율 맞추자 싸게 싸게 달아라~~~~~,2016.08.21 14:36:03
759,ㅇㅇㅇ(175.210),이천개 넘었다 댓글도 좀 비율 맞추자 싸게 싸게 달아라~~~~~,2016.08.21 14:36:03
760,ㅇㅇㅇ(175.210),이천개 넘었다 댓글도 좀 비율 맞추자 싸게 싸게 달아라~~~~~,2016.08.21 14:36:04
761,ㅇㅇㅇ(175.210),이천개 넘었다 댓글도 좀 비율 맞추자 싸게 싸게 달아라~~~~~,2016.08.21 14:36:04
762,ㅇㅇㅇ(175.210),이천개 넘었다 댓글도 좀 비율 맞추자 싸게 싸게 달아라~~~~~,2016.08.21 14:36:04
763,ㅇㅇㅇ(175.210),이천개 넘었다 댓글도 좀 비율 맞추자 싸게 싸게 달아라~~~~~,2016.08.21 14:36:05
764,ㅇㅇㅇ(175.210),이천개 넘었다 댓글도 좀 비율 맞추자 싸게 싸게 달아라~~~~~,2016.08.21 14:36:05
765,ㅇㅇㅇ(175.210),이천개 넘었다 댓글도 좀 비율 맞추자 싸게 싸게 달아라~~~~~,2016.08.21 14:36:05
766,ㅇㅇㅇ(175.210),이천개 넘었다 댓글도 좀 비율 맞추자 싸게 싸게 달아라~~~~~,2016.08.21 14:36:05
767,ㅇㅇㅇ(175.210),이천개 넘었다 댓글도 좀 비율 맞추자 싸게 싸게 달아라~~~~~,2016.08.21 14:36:06
769,ㅇㅇㅇ(175.210),이천개 넘었다 댓글도 좀 비율 맞추자 싸게 싸게 달아라~~~~~,2016.08.21 14:36:06
768,ㅇㅇㅇ(175.210),이천개 넘었다 댓글도 좀 비율 맞추자 싸게 싸게 달아라~~~~~,2016.08.21 14:36:07
770,ㅇㅇㅇ(175.210),이천개 넘었다 댓글도 좀 비율 맞추자 싸게 싸게 달아라~~~~~,2016.08.21 14:36:07
771,ㅇㅇㅇ(175.210),이천개 넘었다 댓글도 좀 비율 맞추자 싸게 싸게 달아라~~~~~,2016.08.21 14:36:07
773,ㅇㅇㅇ(175.210),이천개 넘었다 댓글도 좀 비율 맞추자 싸게 싸게 달아라~~~~~,2016.08.21 14:36:07
772,ㅇㅇㅇ(175.210),이천개 넘었다 댓글도 좀 비율 맞추자 싸게 싸게 달아라~~~~~,2016.08.21 14:36:08
774,ㅇㅇㅇ(175.210),이천개 넘었다 댓글도 좀 비율 맞추자 싸게 싸게 달아라~~~~~,2016.08.21 14:36:08
775,ㅇㅇㅇ(175.210),이천개 넘었다 댓글도 좀 비율 맞추자 싸게 싸게 달아라~~~~~,2016.08.21 14:36:08
776,ㅇㅇㅇ(175.210),이천개 넘었다 댓글도 좀 비율 맞추자 싸게 싸게 달아라~~~~~,2016.08.21 14:36:09
777,ㅇㅇㅇ(175.210),이천개 넘었다 댓글도 좀 비율 맞추자 싸게 싸게 달아라~~~~~,2016.08.21 14:36:09
778,ㅇㅇㅇ(175.210),이천개 넘었다 댓글도 좀 비율 맞추자 싸게 싸게 달아라~~~~~,2016.08.21 14:36:10
779,ㅇㅇㅇ(175.210),이천개 넘었다 댓글도 좀 비율 맞추자 싸게 싸게 달아라~~~~~,2016.08.21 14:36:10
780,ㅇㅇㅇ(175.210),이천개 넘었다 댓글도 좀 비율 맞추자 싸게 싸게 달아라~~~~~,2016.08.21 14:36:10
781,ㅇㅇㅇ(175.210),이천개 넘었다 댓글도 좀 비율 맞추자 싸게 싸게 달아라~~~~~,2016.08.21 14:36:11
782,ㅇㅇㅇ(175.210),이천개 넘었다 댓글도 좀 비율 맞추자 싸게 싸게 달아라~~~~~,2016.08.21 14:36:11
783,ㅇㅇㅇ(175.210),이천개 넘었다 댓글도 좀 비율 맞추자 싸게 싸게 달아라~~~~~,2016.08.21 14:36:11
784,ㅇㅇㅇ(175.210),v,2016.08.21 14:36:12
785,ㅇㅇㅇ(175.210),이천개 넘었다 댓글도 좀 비율 맞추자 싸게 싸게 달아라~~~~~,2016.08.21 14:36:12
787,ㅇㅇㅇ(175.210),이천개 넘었다 댓글도 좀 비율 맞추자 싸게 싸게 달아라~~~~~,2016.08.21 14:36:12
786,ㅇㅇㅇ(175.210),이천개 넘었다 댓글도 좀 비율 맞추자 싸게 싸게 달아라~~~~~,2016.08.21 14:36:13
788,ㅇㅇㅇ(175.210),이천개 넘었다 댓글도 좀 비율 맞추자 싸게 싸게 달아라~~~~~,2016.08.21 14:36:13
789,ㅇㅇㅇ(175.210),이천개 넘었다 댓글도 좀 비율 맞추자 싸게 싸게 달아라~~~~~,2016.08.21 14:36:13
790,ㅇㅇㅇ(175.210),이천개 넘었다 댓글도 좀 비율 맞추자 싸게 싸게 달아라~~~~~,2016.08.21 14:36:13
791,ㅇㅇㅇ(175.210),이천개 넘었다 댓글도 좀 비율 맞추자 싸게 싸게 달아라~~~~~,2016.08.21 14:36:14
792,ㅇㅇㅇ(175.210),이천개 넘었다 댓글도 좀 비율 맞추자 싸게 싸게 달아라~~~~~,2016.08.21 14:36:14
793,ㅇㅇㅇ(175.210),이천개 넘었다 댓글도 좀 비율 맞추자 싸게 싸게 달아라~~~~~,2016.08.21 14:36:15
794,ㅇㅇㅇ(175.210),v,2016.08.21 14:36:15
795,ㅇㅇㅇ(175.210),이천개 넘었다 댓글도 좀 비율 맞추자 싸게 싸게 달아라~~~~~,2016.08.21 14:36:15
796,ㅇㅇㅇ(175.210),이천개 넘었다 댓글도 좀 비율 맞추자 싸게 싸게 달아라~~~~~,2016.08.21 14:36:16
797,ㅇㅇㅇ(175.210),이천개 넘었다 댓글도 좀 비율 맞추자 싸게 싸게 달아라~~~~~,2016.08.21 14:36:16
798,ㅇㅇㅇ(175.210),이천개 넘었다 댓글도 좀 비율 맞추자 싸게 싸게 달아라~~~~~,2016.08.21 14:36:16
799,ㅇㅇㅇ(175.210),이천개 넘었다 댓글도 좀 비율 맞추자 싸게 싸게 달아라~~~~~,2016.08.21 14:36:16
600,ㅇㅇ(27.35),윾행가 윾행가 싱나는 노래~,2016.08.21 14:39:53
601,ㅇㅇ(27.35),5진닼ㅋㅋㅋㅋ,2016.08.21 14:40:20
602,舊쩌포구군광 ,,2016.08.21 15:06:25
603,舊쩌포구군광 ,,2016.08.21 15:06:32
604,ㅇㅇ(211.235),저 초코송이는 뭘 말하는거임?,2016.08.21 15:16:40
605,ㄴㅇ(220.126),허허허... 재능낭비 오지네 이런 소모전 끝에 과연 누가웃을까. 그리고 이런 개싸움에 전혀 관심없는 사람들이 더 많다. 이걸 여론으로 격상시키지 마라. 이건 b급도 아닌 f미만 등급외 관종문화다. 억울하면 덕밍아웃해라. 덕후인증을 커밍아웃과 동일시하는 게 더 웃기긴하지만.  - dc App,2016.08.21 15:25:05
606,asmr ,,2016.08.21 15:34:52
607,ㅂㅈㄷㄱ(121.184),존나 잘 그리넼ㅋㅋㅋㅋㅋㅋㅋㅋㅋㅋㅋㅋ,2016.08.21 15:34:55
608,ㅇㅇ(113.192),매퇘지 언냐들 ㅂㄷㅂㄷ 대시는게 꿀잼이네 디씨에서 자기들 웃자고 올리는건데 소모전이니 여론이니 ㅋㅋㅋㅋㅋ 음모론 믿냐?,2016.08.21 15:39:45
609,거미(211.235),xxxl ㅋㅋㅋㅋㅋㅋㅋㅋㅋㅋㅋㅋㅋㅋㅋㅋㅋㅋㅋㅋㅋ,2016.08.21 15:43:07
610,ㅇㅇ ,워마드에서 반응 좋다면서 어떻게 워마드에서 왔는데 재밌다는 댓글이 하나도없냐 ㅋㅋㅋㅋㅋ,2016.08.21 15:46:22
611,양지로 ,엌ㅋㅋㅋㅋㅋㄱ 여론으롴ㅋㅋㄱ 격상시키지마랔ㅋㅋㅋㅋㅋㅋㅋㅋㅋㅋㅋㅋㅋㅋㅋㅋㄱㄲㅋㅋ f급문홬ㅋㅋㅋ 엌ㅋㄱㅋㅋㅋㄱㅋㅋㅋㄱㅋㄱ 소모젘ㅋㅋㅋㄱㅋㄱㅋㅋ 전쟁하는줄ㅋㄱㅋㅋㅋㅋㄱㅋ ㅋ,2016.08.21 15:46:33
612,ㄻㅈㄷ(115.91),< 허허허... 재능낭비 오지네 이런 소모전 끝에 과연 누가웃을까. 그리고 이런 개싸움에 전혀 관심없는 사람들이 더 많다. 이걸 여론으로 격상시키지 마라. 이건 b급도 아닌 f미만 등급외 관종문화다. 억울하면 덕밍아웃해라. 덕후인증을 커밍아웃과 동일시하는 게 더 웃기긴하지만. - dc App220.126.*.*> 집구석에서 그림 그려서 익명으로 인터넷에 올리는 게 무슨 전쟁인줄 아시나 ㅋㅋㅋㅋㅋㅋㅋㅋㅋㅋㅋㅋㅋㅋㅋㅋㅋㅋㅋㅋ,2016.08.21 15:50:23
613,ㅇㅇ ,엄근진한 언냐들의 묵-직한 일침에 불알이 쪼그라든닼ㅋㅋㅋㅋㅋㅋㅋㅋㅋㅋㅋ시발 남이 쳐 웃는 것도 불-편하신지?,2016.08.21 15:51:15
614,ㄻㅈㄷ(115.91),디씨답게 그냥 서로 웃자고 쳐 올리는데 개싸움 어쩌고 븅신아 ㅋㅋㅋㅋㅋ 니가 메퇘지니까 못 쳐웃으시는 거지 남들 다 그냥 즐겁게 웃고 지나가는데요 ^^,2016.08.21 15:51:26
615,ㄻㅈㄷ(115.91),메퇘지들한테는 전쟁이겠지 ㅋㅋㅋㅋㅋㅋㅋㅋㅋㅋㅋㅋㅋㅋ,2016.08.21 15:51:39
616,윾동이라서러워서고닉팠다 ,9,2016.08.21 16:08:05
617,윾동이라서러워서고닉팠다 ,4,2016.08.21 16:08:11
618,윾동이라서러워서고닉팠다 ,3,2016.08.21 16:08:19
619,.(123.212),개추봐라 ㅡㅡ;ㅋ,2016.08.21 16:18:17
620,이비체고조넘 ,,2016.08.21 16:18:30
621,d(122.42),여잔데 존나웃었습니다^^^^^^^^^^^^^^^^^^^^^^^^^^^^^^^^^^^^^^^^^^^^^^^^^^^^^^^^^^^^^^^^^^^^^^^^^^^^^^^^^^^^^^^^,2016.08.21 16:32:56
622,ㅋㅋㅋㅋㅋㅋ(125.181),주체적인 여성상을 보여주는 진정한 페미니즘 만화,2016.08.21 16:39:34
623,슬라이더충 ,3,2016.08.21 16:50:32
624,ㅇㅇ(117.111),띵작인정합니다....,2016.08.21 17:02:56
625,ㅇㅇ(58.127),다음편 언제??,2016.08.21 17:09:02
626,윾링 ,,2016.08.21 17:09:48
627,Lust4 ,개추,2016.08.21 17:15:46
628,테미플레이크 ,,2016.08.21 17:28:39
629,테미플레이크 ,,2016.08.21 17:28:40
630,테미플레이크 ,,2016.08.21 17:28:40
631,테미플레이크 ,,2016.08.21 17:28:47
632,테미플레이크 ,,2016.08.21 17:28:50
633,힠이 ,ㅆㅅㅌㅊ  - ???????,2016.08.21 17:32:02
634,메인e ,,2016.08.21 17:34:06
635,노량진모펀 ,03,2016.08.21 17:40:11
636,마뱀마뱀도마뱀 ,근근웹에 퍼가겠습니다,2016.08.21 17:45:45
637,김파따 ,10,2016.08.21 17:46:05
638,Leonhard* ,구경 와서 감동 오열 기립박수 하고 갑니다 ㅋㅋㅋㅋㅋㅋㅋㅋㅋㅋㅋ,2016.08.21 17:56:55
639,Erichi ,엌ㅋㅋㅋ 딱맞노 음성지원ㅋㅋㅋ,2016.08.21 18:21:43
640,데레스테 ,갓띵작 - DCW,2016.08.21 18:25:24
641,dd(124.194),무슨 댓글보다 추천수가 많냐?,2016.08.21 19:07:47
642,dd(124.194),물론나도 3번 누름,2016.08.21 19:08:07
643,alahu ,통탄의 비추 ㅠㅠㅠㅠㅠㅠㅠㅠㅠㅠㅠ 쿵콰유ㅠㅠㅠ  - dc App,2016.08.21 19:19:33
644,귄펭귄펭(175.125),꾸에에엑에엑에엑,2016.08.21 19:21:41
645,ㅇㅇ(112.214),갸아아악! 구와아아악!,2016.08.21 19:22:38
646,호랏호랏 ,아! 너무 무섭다!,2016.08.21 19:37:24
647,ㅇㅇ(14.44),디씨에서 개싸움 논하면서 등급 따지는 놈도 있네ㅋㅋㅋㅋ디씨에서 무슨 급을 따져ㅋㅋㅋㅂㄷㅂㄷ하시나봐ㅋㅋ,2016.08.21 19:42:21
648,ㅇㅇ(218.144),너희들은 너무 설쳤어,2016.08.21 19:42:30
649,ㅇㅇ(14.36),남자라서... 살았어...,2016.08.21 19:54:41
650,ㅇㅇㅇㅇ(128.199),남자가 봐도 이건 재미없다,2016.08.21 19:54:54
651,dd(121.88),메갈 워마드 레디즘 사갤은 도태각 도살각 도륙각,2016.08.21 19:58:42
652,dd(121.88),해연갤은 도태각 도살각,2016.08.21 19:58:56
653,dd(121.88),여초충은 도살각,2016.08.21 19:59:06
654,ㅇㅇ(46.101),정상인 2812 메갈 146,2016.08.21 19:59:10
655,괴체 ,메갈 족발 우에엑 ㅋㅋ  - dc App,2016.08.21 20:04:28
656,Bubbles ,,2016.08.21 20:12:10
657,센죠가하라히타기 ,,2016.08.21 20:15:31
658,나무(116.38),Sf물은 개추,2016.08.21 20:16:02
659,메퇘지(162.217),메갈인대 개꿀잼ㅋㅋㅋㅋㅋ이거  팬아트아니냐 ??? 더 그려달라 이기야 ㅋㅋㅋㅋㅋ^^,2016.08.21 20:17:02
660,로버트 오언(122.37),디씨 역대 베스트 파이브에 들어갈 명작에 댓글 단다,2016.08.21 20:17:05
661,꿀치언(122.35),한남부실자지들애쓴다ㅋㅋ봊들봊들하노..,2016.08.21 20:31:57
662,캦주(211.36),6.9실좆 에어자지충들 좆다고 웃고잇노ㅋㅋㅋㅋ,2016.08.21 20:32:52
663,머약♡ ,개꿀잼이네ㅋㅋㅋㅋ  - dc App,2016.08.21 20:35:05
664,ㅇㅇ(175.125),애는 지들이 더 쓰는 거 같은데 ㅋㅋㅋㅋㅋㅋㅋㅋㅋㅋㅋ병신들 배때지에 튜브 내장한 년들이 댓글 반응 보고 쿨한척 해버리기~~~존나 힘드실듯 깔깔,2016.08.21 20:37:29
665,ㅌㅇ(222.237),ㅋㅋㅋㅋㅋㅋㅋㅋㅋㅋㅋㅋㅋ 개추,2016.08.21 20:43:39
666,1234(59.29),메오후년들,2016.08.21 20:47:02
667,1234(59.29),더러운 메오후년들,2016.08.21 20:47:08
668,1234(59.29),일렬로 세워놓고 몽땅 총살시켜야함 메오후년들,2016.08.21 20:47:27
669,착한비고정 ,재능낭비 오지네 열심히그렸다근뎅,2016.08.21 20:49:18
670,jackass ,미친 퀄보소;;;;;;;;;;,2016.08.21 20:58:22
671,동해군민 ,,2016.08.21 21:03:12
672,NESTA ,주글래,2016.08.21 21:05:33
673,메갈로돈(162.217),"만화는 메갈워마언냐들이 좋아할만한 거라서 웃기긴 한데 저렇게 무서운 언냐들한테 강간, 폭행, 살해도 안당하고 너무 착한거 아니냐? 넘나 현실반영? 위에 새끼말처럼 일렬로 세워놓고  남자들 총살정도는 시켜줘야지 실재하는 남혐이 없으니 할말은 없고, 그저 메퇘지들 외모표현에만 한껏 신경쓴 수준봐.그와중에 초코송이는 구체적으로 그리면서 낄낄댔을꺼 생각하니까 웅..넘나 졸렬해",2016.08.21 21:12:16
675,태호(110.70),쿵쾅이 족적 339개 감별완료,2016.08.21 21:14:58
674,메갈로돈(162.217),"더 역겨운점은 남자새끼들은 대마를 빨든, 여혐만화를 그리든, 남혐패러디를 하든 먹고사는데 지장이 없다는거다반대로 여자는, 티셔츠를 샀다고, 말실수 했다고, 여혐사회라는 말만 꺼내도 직장잃고 목숨위험받고 ㅋㅋ남자는 아무렇게나 살아도 옹호받고 유쾌하다고 넘어가 주는  표현의 자유가있어서 개시발 존나부럽다메갈티셔츠 옹호작가들이, 남혐이나 메갈도 같이 깠던거는 싹무시당하는거에 비해,누가봐도 여혐성향짙은 만화그리는 레바는 페미니즘 책한권 인증했다고 성평등의 이해니뭐니, 옹호받고 주목받는거 보면 진짜 한국여혐사회수준 드러워여혐에 대해 비난하는 작가들은 메갈몰이에 직장잃을까봐 두려워해야되는 세상에서그런 건 한번이라도 생각해보고 팬잡고 만화그리고 스토리 짜고 있냐? 그림그린다는새끼들아?ㅋㅋ",2016.08.21 21:15:00
676,프론잉(110.70),쿵쾅이들 살빼면 알아서 지수준에 맞는 적당한 한남충들이 보빨도해주고 스트레스도 풀어줄텐데 키보드에 쿵쾅대느라 연애는커녕 남혐만 늘어서 똑같은 돼지친구들만 늘어남 난여잔데도 쿵쾅이들 길가다보면 다 죽이고싶더라 왜그러고사냐? 니네때문에 멀쩡한여자들까지 다 욕처먹고 색안경끼고 바라봐진다.,2016.08.21 21:21:16
677,ㅇㅇ(175.205),3000추가 코앞에~~,2016.08.21 21:40:52
678,ㅇㅇ(110.15),위 아 섹시! 앤 푸시!ㅋㅋㅋㅋㅋㅋㅋㅋ  - dc App,2016.08.21 21:42:56
679,ㅇㅇㅇ(116.38),ㅋㅋㅋㅋㅋㅋㅋㅋㅋㅋㅋㅋ 블루 니쁠,2016.08.21 21:54:18
680,ㅇㅇ(125.188),삼천가자ㅋㅋㅋㅋㅋㅋ,2016.08.21 22:13:32
681,Mystic ,퍄 ㅋㅋㅋ,2016.08.21 22:14:38
682,ㅇㅇ(124.28),퍄 시발 퀄리티가;;;,2016.08.21 22:16:15
683,ㅇㅇ(124.49),근데 초코송이는 뭐 풍자한거임?? 걍 재미를 위해서 넣은건가,2016.08.21 22:21:27
684,ㅋㅋㅋㅋㅋㅋ(112.187),매드맥스 브금좀 깔아줘..,2016.08.21 22:23:55
685,ㅇㅇ(27.119),시발 ㅋㅋㅋ 합성한건줄알았네  - dc App,2016.08.21 22:24:58
686,건조요정쌍놈들 ,,2016.08.21 22:32:05
687,ㅇㅇ(123.213),ㄹㅇ 삼천? 메크로 안돌린거 맞음?,2016.08.21 22:40:04
688,ㅇㅇ(125.138),3000추~~~~,2016.08.21 22:42:06
689,ㅇㅇ(211.202),"데x,박x은,초",2016.08.21 22:43:08
690,dd(122.32),아! 내 추천이 3천추를 완성했다!,2016.08.21 22:43:26
691,Hail(123.212),메오후!!!,2016.08.21 22:47:01
692,ㅇㅇ(123.212),hail medolff galtler,2016.08.21 22:48:58
693,ㅇㅇ(123.212),음...메갈과 붙이니 힛통이 불쌍해지네...,2016.08.21 22:49:38
694,dd(122.32),추천수 증가속도 보니까 1만추 신기록 갈거 같은데?,2016.08.21 22:50:15
695,ㅇㅇ(121.179),총질하는거랑 초코송이만 제대로 딴걸로했음 더좋았을텐데..추천은박았다,2016.08.21 22:54:40
696,ㅇㅇ(220.117),씹치놈들 쌍판은 왜 미화시켰냐 이기야ㅋㅋㅋㅋㅋㅋㅋㅋㅋㅋㅋㅋㅋㅋㅋㅋㅋㅋㅋ,2016.08.21 23:01:22
697,ㅁㅁ(116.34),해연갤 언냐들 무섭긔...;;;,2016.08.21 23:16:08
698,유키호P ,,2016.08.21 23:16:30
699,칠쥐풀 ,퀄리티 ㅅㅂ;;;지리네 ㅋㅋㅋㅋㅋㅋㅋㅋ,2016.08.21 23:19:44
500,ㅇㅇ(58.228),유토피아는 개추얌~!!>0<;;  - dc App,2016.08.21 23:37:10
501,ㅇㅇ(122.153),메퇘지 153마리 다녀가셨습니다. 국민 여러분은 지진발생 가능성을 주의해 주십시오,2016.08.21 23:51:47
502,ㅇㅇ(122.153),여성들의 주체적이고 강한 모습을 표현한 페미니즘적 만화로군요,2016.08.21 23:53:54
503,ㅇㅇ(122.153),심지어 여성들에게 코르셋을 씌우지 않고 여성을 다양한 모습으로 묘사한 점까지. 아주 보기 좋습니다,2016.08.21 23:54:36
504,첲첲산중 ,쿵 쾅 쿵 쾅,2016.08.21 23:58:45
505,ㅋㅋ(115.136),ㅋㅋㅋㅋ  - dc App,2016.08.22 00:16:00
506,메갈메갈(39.119),"이러니까 메갈워마언냐들이 미러링 하는거자노ㅋㅋ 좀 보라구 ㅋㅋㅋㅋ 티셔츠 갈아입는거 이런거 넘나 귀엽고요 ㅠㅠ 메퇘지언냐들이 이거 왜 재밌다고 하는지 이해도 못하고 부들부들댈꺼라고 생각하는게 참 신기해. 이걸 다시 남녀 바꿔서 그리면 유머도 뭣도 아니고, 그저 현실반영 역사반영이라는걸 모르는 한남충들 머가리 빻빻빻ㅠㅠ 만약에 만화로 한남들이 김치녀들을 죽이자!! 정액받이!!와아아 그려도 그저 현실반영이라 유머가 안됨. 근데 앞에 한남 매달고 가는건, 넘나 그린분 취향이라 역겹다.누가 한남 벗겨서 매달고 보고싶어할꺼라고;;;웩",2016.08.22 00:16:51
507,ㅇㅇ(222.104),쿵쾅거리고 있는 글입니다  - dc App,2016.08.22 00:20:50
508,ㅇㅇ(39.7),응~~~~? 뭐라구~~??? 좆이 너무 작아서 잘 안들리는데~~??응~~~~? 뭐라구~~??? 좆이 너무 작아서 잘 안들리는데~~??응~~~~? 뭐라구~~??? 좆이 너무 작아서 잘 안들리는데~~??응~~~~? 뭐라구~~??? 좆이 너무 작아서 잘 안들리는데~~??응~~~~? 뭐라구~~??? 좆이 너무 작아서 잘 안들리는데~~??,2016.08.22 00:25:14
509,ㅇㅇ(39.7),응~~~~? 뭐라구~~??? 좆이 너무 작아서 잘 안들리는데~~??응~~~~? 뭐라구~~??? 좆이 너무 작아서 잘 안들리는데~~??응~~~~? 뭐라구~~??? 좆이 너무 작아서 잘 안들리는데~~??응~~~~? 뭐라구~~??? 좆이 너무 작아서 잘 안들리는데~~??응~~~~? 뭐라구~~??? 좆이 너무 작아서 잘 안들리는데~~??,2016.08.22 00:25:35
510,ㅇㅇ(39.7),응~~~~? 뭐라구~~??? 좆이 너무 작아서 잘 안들리는데~~??응~~~~? 뭐라구~~??? 좆이 너무 작아서 잘 안들리는데~~??응~~~~? 뭐라구~~??? 좆이 너무 작아서 잘 안들리는데~~??응~~~~? 뭐라구~~??? 좆이 너무 작아서 잘 안들리는데~~??응~~~~? 뭐라구~~??? 좆이 너무 작아서 잘 안들리는데~~???,2016.08.22 00:25:55
511,'ㅈ'(124.58),"으이구, 매드맥스 페러디랑 앞에 달려가는 덴마가 뭔 뜻인지도 모르고! 뭣이 중헌디!",2016.08.22 00:27:05
512,붸렁 ,퀄리티 오진다 ㄹㅇ 합성아니고 그린거임?  - dc App,2016.08.22 00:31:43
513,ㅇㅇ(211.222),미국만화보는느낌이다 시발 존나 잘그림,2016.08.22 00:40:04
514,ㅅㄹ(1.243),마지막 뭔가했는데 덴마였냐 ㅋㅋㅋㅋㅋㅋㅋㅋㅋㅋㅋ,2016.08.22 00:41:46
515,aat(124.5),"여성의 비중이 높음, 여성이 스토리를 이끌어감, 여성을 성적대상화하지 않음, 여성이 남성에 종속되지 않음, 예쁘거나 귀여운 모습이 아닌 다양한 모습의 여성 등장, 평면적인 여성상에서 벗어나 입체적인 인물상의 여성이 나옴, 여성이 지도자임, 여성의 강한 모습 등장메갈애들아 니들도 추천 눌러라",2016.08.22 00:42:34
516,.(123.212),4천 가나요,2016.08.22 00:43:15
517,ㅇㅇ(175.201),추천수보소;;이렇게 많은 건 처음본다,2016.08.22 00:57:04
518,ㅇㅇ(116.126),아너무므ㅜ섭다ㅜ,2016.08.22 01:01:52
519,후병깨 ,개 오졌다;,2016.08.22 01:10:20
520,K.M.T ,시발ㅋㅋㅋㅋㅋ이 퀄리티로 이런 병신같은걸ㅋㅋㅋㅋㅋㅋㅋㅋ남의 시간과 재능이 이렇게 아까운것도 처음이다ㅋㅋㅋㅋ  - dc App,2016.08.22 01:12:19
521,됴와 ,,2016.08.22 01:29:40
522,됴와 ,,2016.08.22 01:29:45
523,ㄱㄱㄱ(175.215),이씨발초코송이 저거진짜냐 니기미,2016.08.22 01:42:00
524,ㅇㅇ(223.62),와 씨발 쩐다... 볼 때마다 느끼지만 쩐다. 유머도 그림도 스토리도.,2016.08.22 01:50:26
525,ㅇㅁㅇ(118.39),미친 댓글이랑 추천 수 왜이래,2016.08.22 02:36:53
526,ㅇㅇ(211.238),ㅋㅋㅋ티셔츠 사이즈 고치는거 존나귀여움,2016.08.22 02:47:53
527,ㅇㅇ(223.62),ㅋㅋㅌㅌㅋㅋ 한녀들 ㅂㄷㅂㄷ잼ㅋㅋㅋㅋ,2016.08.22 02:50:03
528,ㅇㅇ(223.62),뭐라고?? 무슴이라 안들리는데???ㅋㅋㅋ 깔깔깔,2016.08.22 02:52:15
529,ㅇㅇ(122.32),중간에 신생아 장면 뭐냐... 저 장면은 좀 징그럽다,2016.08.22 02:57:12
530,愛真田心 ,,2016.08.22 03:11:22
531,愛真田心 ,,2016.08.22 03:11:26
532,愛真田心 ,,2016.08.22 03:11:33
533,dd(14.37),저 남잔데 남자가 봐도 참 불편한 만화네요...,2016.08.22 03:14:28
534,ㅇㅇ ,댓글  - dc App,2016.08.22 03:19:50
535,ㅇㅇ ,개추  - dc App,2016.08.22 03:19:54
536,ㅇㅇ ,천플 달성 ㅊㅋㅊㅋ  - dc App,2016.08.22 03:20:05
537,ㅇㅇ(110.35),제라툴이 본 파멸의 미래가 이것이였나!.....,2016.08.22 03:23:09
538,ㅇㅇ(119.200),"불쌍한 메갈 멍청한것들 지들의 미래가 어찌 될지도 모르고... 일본이 딱 10년후의 한국이다 일본도 쿵쾅이들이 패미니즘 지럴떨다가 다 늙어 썩어버렸고 지금은 다시 전근대적인 여성상으로 돌아갔지 한국도 결혼해라는 풍토가 사라지는 이 판에 초식남, 절식남이 모든 한남에게 퍼져 나간다면 여자들은 울면서 손만 빨아야 할꺼야",2016.08.22 03:27:21
539,바쁜유동 ,댓글수 왜이래 이거,2016.08.22 04:19:51
540,벨벳ㅊ ,너무무습다,2016.08.22 04:25:40
541,ㅇㅇ(1.234),존나 웃김ㅋㅋㅋㅋㅋㅋㅋㅋㅋㅋㅋㅋㅋㅋㅋ시발 근데 초코송이장면은 좀 역겹다,2016.08.22 07:13:28
542,이드기여 ,ㄷㄷㄷㄷ  - dc App,2016.08.22 07:54:40
543,ㅇㅇ(211.177),설띵 ) 의새가 애기한테 총쏘고 공구리 치는 장면은 저렇게 총 쏘기전에는 더 끔찍한 외형이었다는거,2016.08.22 08:48:22
544,ㅇㅇ(211.177),설띵 2 ) 저 똥코송이 장면은 옛날에 메갈이 초코송이 가지고 일반 여성들 깟었나? 기억이 졸라 가물가물한데 뭐 했던적 있었음ㅇㅇ,2016.08.22 08:55:37
545,ㅇㅇ(203.226),빡대가리 여혐종자새끼 ㅋㅋㅋㅋㅋ 그림도 존나 못그리네 ㄹㅇ,2016.08.22 09:14:29
546,돼지몬스터 ,개잘그렸닼ㅋㅋ꿀잼,2016.08.22 09:27:19
547,크로프트 ,5,2016.08.22 09:33:48
548,크로프트 ,5,2016.08.22 09:33:51
549,크로프트 ,5,2016.08.22 09:33:56
550,루이즈(39.7),왜사는지  - dc App,2016.08.22 09:52:36
551,루이즈(39.7),왜사는지 이햐 할슈없아병 신새끼들  - dc App,2016.08.22 09:53:20
552,Frost. ,,2016.08.22 10:04:28
553,Frost. ,,2016.08.22 10:04:37
554,버세티 ,무슨 매드맥스냐 ㅋㅋㅋㅋㅋㅋㅋㅋㅋㅋㅋㅋ  - dc App,2016.08.22 10:05:47
555,빅고릴라맨(203.251),답글쓰기,2016.08.22 10:09:17
556,ㅇㅇ(58.140),메갈 타격 받은거 보니 이것도 미러링 하겠놐ㅋㅋㅋㅋㅋㅋㅋㅋㅋㅋㅋㅋㅋㅋㅋㅋㅋㅋㅋㅋㅋㅋㅋㅋㅋㅋㅋㅋㅋㅋㅋㅋㅋㅋㅋㅋㅋㅋ  - dc App,2016.08.22 10:12:08
557,asdf(118.220),장막을 들추고 그 너머를 봤지만... 오직... 메갈 뿐이였어...,2016.08.22 10:21:47
558,ㅇㅇ(112.161),존나 잘그린다 ㅋㅋㅋㅋㅋㅋ,2016.08.22 10:24:37
559,ㅇㅇ(112.161),근데 초코송이는 뭔소리인지 모르겠다,2016.08.22 10:24:59
560,ㅎㄴ(210.118),너무 미화한 거 아니냐 ㅋㅋㅋ,2016.08.22 10:31:59
561,-PM- ,개추 씨발ㅋㅋㅋㅋㅋㅋㅋㅋㅋㅋ  - dc App,2016.08.22 10:36:48
562,ㅇㅇ(124.197),"갓-명작  ㅋㅋㅋㅋㅋㅋㅋㅋㅋㅋㅋㅋㅋㅋㅋㅋㅋㅋ 메갈언냐들 공포의 부들부들 댓글도 꿀잼 ㅋㅋㅋㅋㅋㅋㅋㅋㅋㅋㅋㅋㅋㅋ 언냐들 귓구멍까지 살쪄서 잘 안들리고, 손가락으로 타자도 안쳐지는거 같아 애잔보스 ㅋㅋㅋㅋ 8ㅅ8 ㅋㅋㅋㅋㅋㅋ",2016.08.22 10:42:37
563,ㅇㅇ(14.53),여자들 이쁘장하게만 그리고 여성성 강조하는 씹치놈들 만화보다는 훨씬 보기좋네요  - dc App,2016.08.22 11:04:35
564,ㅇㅇ(118.45),1일1개추 가자  - dc App,2016.08.22 11:12:40
565,ㅇㅇ(118.45),1000댓글 냠  - dc App,2016.08.22 11:12:47
566,쵸키 ,사스가 아메갈리아노 쿵쾅더스  - dc App,2016.08.22 11:14:06
567,친근한외로움 ,"여험=남,여의 본능. 여자도 여잘 혐오하지.적당히 숨기면서 다들쉬쉬하는것일뿐 인간이라면 여자를 혐오할수밖에없음 그러니 페미나치들은 쿵쾅거리고 모자란소리하지말자^^",2016.08.22 11:17:33
568,ㅇㅇ(121.172),메오후 쿰-척-쿰-척,2016.08.22 11:52:06
569,프해 ,,2016.08.22 11:57:14
570,유두화살 ,메오후들 만화라서 외모 버프받은거보소,2016.08.22 12:09:11
571,JUMAAN ,,2016.08.22 12:19:21
572,ㅇㅇㅇ(210.104),미친 온갖 요소가 다 들어가 있네 ㅋㅋㅋㅋㅋㅋㅋㅋㅋㅋㅋㅋㅋ,2016.08.22 12:26:41
573,미쿠냥프로듀서 ,3,2016.08.22 12:27:10
574,qsq(218.48),근데 초코송이는 뭐냐?,2016.08.22 12:42:18
575,ㅇㅇ(221.147),퀄보소 시발 ㅋㅋㅋㅋㅋㅋㅋㅋㅋㅋㅋㅋㅋㅋㅋㅋㅋㅋㅋㅋ,2016.08.22 12:46:33
576,ㅇㅇ(182.221),여기 지진난듯 쿵쾅이들이 너무 와서 땅이 흔들림,2016.08.22 13:34:38
577,dd(121.88),웜충 레디즈뭉 여초충들 서양녀보다 피지컬 딸리면 도태해 그냥 왜 서양남 만나,2016.08.22 13:39:30
578,dd(121.88),웜충 레디즘충 여초충들 서양녀보다 피지컬 딸리면 도태해 그냥 왜 서양남 만나,2016.08.22 13:39:55
579,세정바라기♡ ,메갈욕하면 뒤져라  - dc App,2016.08.22 13:47:16
580,ㅇㅇ(1.252),개추야 개추!,2016.08.22 13:56:22
581,dd(121.88),메갈 개보년 한녀충들아 제발 뒤져서 뼈를 묻어라,2016.08.22 13:56:38
582,dd(121.88),워마드 레디즘 은 도살각,2016.08.22 13:56:51
583,dd(121.88),워마드 레디즘은 도륙각,2016.08.22 13:56:59
584,dd(121.88),페미니즘 보빨남들 다 뒤져라,2016.08.22 13:57:56
585,dd(121.88),해연갤 한녀충들 서양녀보다 안이쁘면 서양남 만나지마,2016.08.22 13:58:40
586,nehaneha ,ㅋㅋㅋ,2016.08.22 14:04:33
587,ㅇㅇ(203.212),돼지,2016.08.22 15:14:49
588,ㅇㅇ(110.70),해연갤 빡대가리년들 음순 떨리냐ㅋㅋ,2016.08.22 15:15:11
589,김쪄우 ,,2016.08.22 15:58:55
590,ㅇㅇ(218.53),이새끼는 지금처럼 비주얼쇼크에 입각한 방식의 저속하고 1차원적인 표현으론 절대로 출판 못한다. 벳게이 1편의 충격을 따라가는 작품이 한 개도 없는거 보면 자기의 장점인 시각적 효과에 충실하다는 것에 너무 얽메인 느낌,2016.08.22 16:01:55
591,쿵-쾅(221.151),쿵-쾅,2016.08.22 16:04:06
592,ㅇㅇ(211.253),개 웃기네 진짜 ㅋㅋㅋㅋㅋㅋㅋㅋㅋㅋㅋㅋㅋ,2016.08.22 16:12:33
593,ㅇㅇ(118.91),쿵-쾅 그새 또 ㅋㅋㅋㅋㅋㅋㅋ 잘 쳐 읽으면 저런 소리가 기름진 모가지에서 나오질 못하짘ㅋㅋㅋㅋㅋㅋㅋ  - dc App,2016.08.22 16:28:26
594,ㅇㅇ(211.247),ㅋㅋㅋㅋㅋㅋㅋㅋㅋㅋㅋ메갈충들부들거리는거개꿀잼,2016.08.22 16:30:18
595,ㅇㅇ(220.93),218.53 저거는 여기서도 헛소리하고있네 애초에 깔려고 만든 패러디물인데 저속하고 1차원적인표현이랰ㅋㅋㅋ 그리고 시발 자기의 장점에 충실해야지 되도않는거 붙잡고 있어야 되겠니? 니딴 머법관이 데뷔못한다 지랄해도 이만화에 추천준 3천명은 응원하고 있으니 걱정마라,2016.08.22 16:39:04
596,Flanger ,,2016.08.22 17:13:27
597,릴벳흉(175.113),주말동안 이만화가 안퍼진 곳이 없는 듯. 인기없는 곳 빼고.,2016.08.22 17:25:40
598,ㅇㅇ(221.151),내일 또 와서 개추 또 박으라 이기이기,2016.08.22 17:27:27
599,ㅇㅇ(222.100),추천수 미친듯이 올라간다.  1만 넘어가는 건 시간문제다.,2016.08.22 17:41:30
400,ㅇㅇ(175.119),메갈년들 전부 자궁을 뽑아버리는게 답 ㅉㅉ,2016.08.22 17:58:52
401,ㅇㅇ(211.224),쿵쿵캉캉쿵쿵캉,2016.08.22 18:00:43
402,빵뎅이흘들으라 ,ㅈㄴ짤방으로 쓴닼ㅋㅋㅋㅋ  - dc App,2016.08.22 18:28:20
403,ㅇㅇ ,ㅋㅋㅋㅋㅋㅋㅋㅋㅋㅋㅋㅋㅋㅋㅋㅋㅋㅋㅋㅋㅋㅋㅋㅋㅋㅋ추천수봐,2016.08.22 18:33:05
404,끼요옷플래티나 ,지렸다  - 끼요옷!!!,2016.08.22 18:37:39
405,ㅇㅇ(58.126),오져따리오져따,2016.08.22 18:56:04
406,고기 ,이 만화 특이한게 추천20 : 비추천1의 비율로 오르는중. 싱기방기     데-멘,2016.08.22 19:09:02
407,d'Esope ,,2016.08.22 19:17:50
408,BIGMAC ,아니 비추가 뭐이리많노 개씹메갈 씨받이년들이 ㅡㅡ,2016.08.22 19:18:42
409,엄마손 ,ㅎㅎ,2016.08.22 19:21:03
410,실망. ,,2016.08.22 19:31:43
411,ㅇㅇ(112.147),3  - dc App,2016.08.22 19:46:29
412,ㅇㅇ(125.177),이거 오히려 트위터에서 여자들이 비웃던데 이거 너무잘그려서 팬아트삼고싶다고 ㅋㅋㅋㅋㅋㅋㅋ,2016.08.22 20:50:26
413,ㅇㅇ(175.210),디씨 짬밥이 좆밥이라 그런데 힛갤통틀어서 4천추를 눈앞에 두고 있는 게시물이 이거말고 또 있음?,2016.08.22 21:14:37
414,ㅇㅇ(58.231),거의없음 2개남았네,2016.08.22 21:58:12
415,ㅇㅇ(58.231),4000추넘음ㅋㅋㅋㅋㅋㅋㅋㅋ씨발ㅋㅋㅋㅋㅋㅋㅋㅋ,2016.08.22 22:00:18
416,기갑척탄병(222.118),어 씨발 개추 4000개네 ㅋㅋㅋㅋㅋㅋ고퀼 ㅁㅊㄷ,2016.08.22 22:08:54
417,12(222.101),이 좋은 그림 실력으로 카피와 패러디 물이나 하는건 좀 아깝다.   - dc App,2016.08.22 22:49:03
418,ㅇㅇ ,갓띵작 인정합니다  - dc App,2016.08.22 22:59:09
419,ㅇㅇ(124.5),볼때마다 추천이 백개씩 늘어나있냐,2016.08.22 23:06:49
420,지강캐님이쩔해줄까 ,개추야! 비추는 해연갤 언냐들이 이써요ㅠ  - dc App,2016.08.22 23:11:50
421,dd(220.126),나 메갈인데 이거 넘나 웃기고 재밌는 부분 ㅋㅋㅋㅋㅋㅋㅋㅋㅋㅋㅋ,2016.08.22 23:30:31
422,ㅇㅇ(59.5),비추가 매우 무거워 보인다,2016.08.22 23:42:09
423,5959(118.47),쿵쾅이들이 몰려온다!!!!!!!!!!!!!!!!!!!! 한남들아 어서 도망쳐!!!!!!!!,2016.08.23 00:08:25
424,프론잉(175.223),웃자고 그린만화에 진지빠는 쿵쾅이들은 뭐냐?니네가 여자망신 다시켜 ㅋㅋ제발 길거리돌아다니지말고 집에서 남혐이나하다뒤져라 ㅋㅋ 난여잔데 니네보면 너무한심하더라 살만빼도 수준에맞는한남충들 보빨할려고 달려드는데 키보드에 쿵쾅거리고 시위현장 나와서쿵쾅거리면 남는거 쿵쾅이같은 친구들밖에없더라 뭐 좋으면 계속해 ^^ 보는건 재밌으니까,2016.08.23 00:16:34
425,.(123.212),하루에 한번씩 추천♥  5천 ㄱㄱㄱ,2016.08.23 00:29:06
426,ㅇㅇ(218.159),ㅋㅋㅋㅋ  좆돼지년들 어차피 쓰지도않을자궁 선지나 을줄아는거 걍 적출하는게 답~  - dc App,2016.08.23 00:37:42
427,크으(211.35),크으 추천 4천개 넘어가는거보소 쿰척이들아 이게 느그 현실이다!ㅋㅋㅋㅋㅋㅋㅋㅋㅋㅋㅋㅋㅋㅋㅋㅋㅋㅋㅋㅋㅋㅋㅋㅋ발 길거리돌아다니지말고 집에서 남혐이나하다뒤져라 ㅋㅋ 난여잔데 니네보면 너무한심하더라 살만빼도 수준에맞는한남충들 보빨할려고 달려드는데 키보드에 쿵쾅거리고 시위현장 나와서쿵쾅거리면 남는거 쿵쾅이같은 친구들밖에없더라 뭐 좋으면 계속해 ^^ 보는건 재밌으니까^^,2016.08.23 01:09:53
428,ㅇㅇ(122.153),한반도에 지진나겠노,2016.08.23 01:11:00
429,ㅇㅇ(116.124),차는 뭔 죄냐..,2016.08.23 01:19:57
430,ㅇㅇ(116.124),서스 멀쩡하냐 보통 서스는 못버틸탠데,2016.08.23 01:21:07
431,ㅇㅇ(58.231),만추는 몰라도 오천추는 찍는다 ㅋㅋㅋㅋㅋ,2016.08.23 01:47:07
432,ㅇㅇ ,시발 ㅋㅋㅋㅋㅋㅋㅋㅋㅋㅋㅋㅋㅋㅋㅋㅋㅋㅋㅋㅋㅋㅋㅋㅋㅋㅋㅋ,2016.08.23 02:24:55
433,ㅇㅇ(74.90),메갈 그렇게 안 싫어하는 사람인데 그림 진짜 씹오진다 퍄퍄...,2016.08.23 02:30:29
434,ㅇㅇ(61.99),"설명충 : 초코송이 == 꼬추랑 닮음. 메갈들이 보통의 여성을 보고 명예자지, 흉내자지라고 낙인을 찍는 행위를 패러디한 것이다",2016.08.23 03:13:52
435,ㄷㄷ(61.109),열등감넘치는 그림쟁이를 압도적인 그림센스로 추천을 눌러버리게만드심,2016.08.23 07:35:02
436,ㅇㄱㄹㅇ(211.172),공포의...불반도..,2016.08.23 08:14:33
437,ㅇㅇ(211.214),쿵쾅쿵쾅!!!!.............................. 또 그들이 온다......!!!,2016.08.23 08:42:55
438,유진제네틱스 ,쿵쾅따리 쿵쾅따 신나는 지진 나도 한번 떨려본다ㅋㅋㅋ,2016.08.23 09:15:54
439,ㅇㅇ(121.160),ㅊㅊ안할수가 없다,2016.08.23 09:34:26
440,e4t(61.251),zz 추천수,2016.08.23 10:16:20
441,이 ,믿고보는 푸젖ㅋㅋ,2016.08.23 10:44:38
442,ㅇㅇ(121.147),와 시발 진짜 시대를 100년 정도는 앞선 만화다.,2016.08.23 11:07:45
443,ㅇㅇ(221.165),씹고퀄 꿀-잼ㅋㅋㅋㅋㅋㅋㅋㅋㅋㅋㅋㅋㅋㅋㅋㅋㅋㅋㅋㅋㅋㅋㅋㅋ,2016.08.23 11:10:37
444,ㅇㅇㅇㅇ(175.223),퀄 미쳤네 ㅋㅋㅋㅋㅋㅋㅋㅋㅋㅋㅋㅋㅋ,2016.08.23 11:31:24
445,ㅁㄴㅇ(180.66),비추가 무거워 보인대 ㅋㅋㅋㅋㅋㅋㅋㅋㅋㅋㅋㅋㅋㅋㅋㅋㅋㅋㅋㅋㅋㅋ,2016.08.23 11:38:14
446,ㅇㅇ(221.138),부들부들대노 이기야,2016.08.23 11:58:16
447,ㅇㅇ(218.53),나 역시 푸른 젖꼭지의 팬이라 추천을 줬지만 갓도리에 비하면 이건 그냥 비쥬얼 쇼크에 입각한 저속한 표현 맞다니깐? ㄹㅇ뭔가 시각적 테러를 주려고 하는 그 집착에서 벗어나야한다고 왜 벳게이가 떳냐? 시각적 충격도 강력하긴 했지만 모두 암묵적으로 배트맨 혹시 이새끼 게이인가 하는 의문이 있었지..근데 초기 뱃게이에선 영웅인 베트맨을 사실 변태 강간마에 지나지 않다며 우리가 알고 있던 이미지를 파괴하고 변태색골새끼로 보이게 만들어 심지어 적을 살리는 이유조차 다시 따먹기 위한 초석에 지나지 않는걸로 보이니..배트맨의 이미지 자체를 완벽하게 파괴하지,2016.08.23 12:16:34
448,ㅇㅇ(218.53),그러나 뱃게이에서 나타난 충격은 뱃게이 이후 깔끔한 선과 채색임에도 불구하고 좆같은 기분이 느껴지는 비쥬얼 쇼크에만 입각하면서 사라지게되었어..왜냐 우리가 생각하던 이미지를 파괴하고 재구축하던 과정이 완전히 사라져버렸거든 이번 작품이 잘그렸다 싶으면서도 알맹이가 없게 느껴지는 이유는 이미지의 재구축 과정이 없어졌기 때문이야. 이런 부류를 깔려면 다른 이미지와 대조를 통해 모순을 드러내야하는데 모순을 드러내는 것도 아니고..개인적으로 푸른젖꼭지의 역량이 여기까지인가? 라는 생각이 들어 안타까워서 그렇다. 스토리작가를 구하던지 아니면 좀 더 문학적 표현에 대한 연구가 필요하다 본다.,2016.08.23 12:18:51
449,ㅁㄴㅇ(121.131),별 시덥잖은 개씹소리 장문으로 구구절절 적어놓는 쓰레기븅신새끼 극혐,2016.08.23 12:28:43
450,ㅇㅇ(64.134),대신뚱,2016.08.23 12:38:00
451,ㅇㅇ(64.134),돼신뚱돼지메갈을놓고가드리겠습니다,2016.08.23 12:38:20
452,Jerk ,,2016.08.23 12:43:31
453,Jerk ,,2016.08.23 12:43:37
454,ㅈㅂㅇㄴ(124.61),추천과 댓글박고 간다,2016.08.23 13:02:52
455,ㅇㅇ(61.83),삐빅 이미 쿵쾅거린 게시글 입니다.,2016.08.23 13:14:40
456,ㅎㄴ(210.118),쿰척..시발...우리 웜 언냐들한테 화력지원을..꿀꿀.언냐들 여기 여혐하는 한남들...쿰척...언냐들 나 빼놓고 뭐 먹는 중?,2016.08.23 13:37:44
457,ㅋㅋ(117.111),이거시 레오나르도 젖꼭지님이 그린 마스터피스입니까,2016.08.23 13:49:55
458,ㅇㅇ(113.130),메갈씨부랄 개보년들 ㅋㅋㅋㅋㅋ,2016.08.23 14:22:34
459,펜니르 ,비추인증제 봐라ㅋㅋㅋㅋㅋㅋㅋㅋㅋㅋㅋㅋㅋㅋㅋㅋㅋㅋㅋㅋㅋ,2016.08.23 14:32:15
460,NIS건축담당 ,,2016.08.23 15:01:18
461,ㅇㅇ(58.140),ㅋㅋㅋㅋ봊나 맘에든다 이기ㅋㅋㅋㅋ이거 메갈 욕하려고 그린 만화 맞노???,2016.08.23 17:06:03
462,ㅇㄱ(118.216),그림체가 천조국 스타일이네 ㄷㄷ;,2016.08.23 18:01:35
463,ㅁㄴㅇ(183.109),그분들 심히 부들대시는거 보니 효력이 상당하내 ㅋㅋㅋㅋㅋㅋㅋㅋㅋㅋㅋㅋㅋㅋㅋㅋㅋㅋㅋㅋㅋㅋㅋㅋㅋㅋㅋㅋㅋㅋㅋㅋㅋㅋㅋㅋ,2016.08.23 19:02:52
464,ㅇㅇ(59.5),지들 까는지도 모르고 쿵쾅대노...,2016.08.23 19:05:47
465,Schrödinger ,ㄷㄷㄷㄷ  - 바~카나노??,2016.08.23 19:12:45
466,NaC! ,추천수랑 댓글수봐라 미쳤넼ㅋㅋㅋ,2016.08.23 19:21:53
467,ㅇㅇ(211.208),뭐 메갈애덜을 이렇게 고퀄로..비추,2016.08.23 20:02:17
468,ㅇㅇ(218.154),나 남잔데 하나도 안웃기다,2016.08.23 20:09:24
469,ㅇㅇ(218.154),"그림 퀄리티도 조잡하고, 미개하네",2016.08.23 20:09:34
470,ㅇㅇ(218.154),나만안웃겨?,2016.08.23 20:09:47
471,ㅇㅇ(218.154),여잔데 웃기다고하는 것들은 자존심도없냐?,2016.08.23 20:09:57
472,1(121.132),4521 / 210,2016.08.23 20:10:57
473,미라큘러스 ,존나 잘그리네 - DCW,2016.08.23 20:18:39
474,ㅇㅇ(59.5),어그로도 잘끌어야... 미-개한 수준의 어그로가 많이 보인다,2016.08.23 20:26:02
475,ㅇㅇ(175.118),만화 개웃기네 ㅋㅋㅋㅋㅋㅋㅋㅋㅋㅋㅋㅋㅋㅋㅋㅋㅋㅋㅋㅋㅋㅋㅋㅋㅋㅋㅋㅋㅋㅋㅋㅋㅋㅋㅋㅋㅋㅋㅋㅋㅋㅋㅋㅋㅋㅋㅋㅋㅋㅋㅋㅋㅋㅋㅋㅋㅋㅋㅋㅋㅋㅋㅋㅋㅋㅋㅋㅋㅋㅋㅋㅋㅋㅋㅋㅋㅋㅋㅋㅋㅋㅋㅋㅋㅋㅋㅋㅋ,2016.08.23 21:06:18
476,ㅇㅇ(175.118),와 진짜 고흐랑 피카소 개씹 쳐바르는 컬리티다 이거 진짜 인류대대로 길이 남을 대작임 ㅇㅇ,2016.08.23 21:07:00
477,ㅇㅇ(27.35),best cartoon ever seen,2016.08.23 21:22:14
478,ㅇㅇ(211.36),초코송이는 뭔뜻임?????  - dc App,2016.08.23 21:39:48
479,나란챠. ,심히 불편하신 그곳 언냐들 부들씹들대는게 다 보이노 ㅋㅋ  - dc App,2016.08.23 21:54:38
480,ㅍㅌㅍㄱ(180.230),퍄퍄,2016.08.23 22:28:07
481,편듀(39.7),티셔츠 입는거 존나 웃기당ㅋ,2016.08.23 23:58:09
482,ㅇㅇ(222.121),딱맞노.ㅋㅋㅋㅋ,2016.08.24 00:15:48
483,ㅇㅇ(122.153),쿵쾅쿵쾅...난 메갈 안하지만...만화가 노잼이네...쿰척,2016.08.24 01:10:23
484,ㅇㅇ(210.99),답글쓰기,2016.08.24 01:49:20
485,ㅇㅇ(122.42),미국만화인줄 ㄷㄷㄷㄷ,2016.08.24 02:20:57
486,ㅁㄴㅇㄹ(175.198),나 남잔데 하나도 안웃기다 (쿵쾅),2016.08.24 02:38:21
487,ㅁㄴㅇㄹ(175.198),"그림 퀄리티도 조잡하고, 미개하네 (쿵쾅)",2016.08.24 02:38:42
488,ㅁㄴㅇㄹ(175.198),나만 안웃겨? (쿵쾅),2016.08.24 02:39:02
489,ㅁㄴㅇㄹ(175.198),여잔데 웃기다고하는 것들은 자존심도없냐? (쿵-쾅),2016.08.24 02:39:16
490,ㅇㅇ ,218윾동 대놓고 여자인척 2중넷카마 어그로보소,2016.08.24 03:56:54
491,ㅇㅇ(118.216),메갈 똥몽청이이 빡대가리년 들 ㅋ,2016.08.24 05:13:32
492,blumeregen ,솔직히 존나 안웃기고 오히려 역겨움 퀄리티는 ㅇㅈ,2016.08.24 07:49:59
493,ㅇㅇ(183.99),메갈언냐들 부들부들ㅋㅋㅋㅋ,2016.08.24 08:49:15
494,ㅇㅇ(59.25),와 스토리 전개며 퀄이며 웃음 포인트며 어느하나 빠지는게 없노 이기 배꼽빠지게 웃었노 ㄷㄷㄷㄷㄷㄷ,2016.08.24 09:32:25
495,인정한다(211.225),그냥 배꼽빠지게 한바탕 웃었노 이기야 !,2016.08.24 10:28:35
496,인정한다(211.225),오늘밤 메갈언냐들 ㅂㄷㅂㄷ하긌노,2016.08.24 10:28:42
497,포키 ,퍄 메갈 수듄 봐라ㅋㅋㅋㅋㅋㅋㅋ졸라 대놓고 나 메갈아님하는 클라스가ㄲㅋㅋㅋ  - dc App,2016.08.24 11:15:35
498,ㅇㅇ(122.38),오랜만에 존나웃었다ㅋㅋㅋㅋㅋㅋㅋㅋㅋㅋㅋㅋㅋㅋ,2016.08.24 11:16:36
499,ㅇㅇ(222.121),솔직히 브이포밴데타 느낌났다... 개지렷다,2016.08.24 11:44:42
300,하루(27.119),손가락 서 있는 장면이 썸네이길래 양영순님이 그린줄,2016.08.24 12:47:09
301,Cline. ,  - dc App답글쓰기,2016.08.24 13:09:48
302,ㅇㅇ(175.198),똑바로서라 핫산,2016.08.24 13:12:48
303,열귤큐녜요 ,역대급,2016.08.24 17:14:06
304,ㅇㅇ(59.20),5천추가 코앞이다,2016.08.24 18:01:33
305,ㅇㅇ(1.11),5천추까지 얼마 안남았다,2016.08.24 18:58:52
306,ㄱㄹㄱ13(210.178),위아 섹시 엔 푸시!!,2016.08.24 19:14:13
307,아렌델공산당 ,쿵쾅쿵쾅  - dc App,2016.08.24 19:52:30
308,ㅇㅇ(121.166),메퇘지 유사인류 씨발년들은 국가에서 쳐죽이고 시체는 돼지살로 줘야한다.,2016.08.24 21:02:21
309,쿵쾅쿵쾅(222.100),1만추가 얼마 남지 않았다.,2016.08.24 21:30:28
310,쿵쾅쿵쾅(222.100),이분 진짜 1만추 받으면 상이라도 줘야할듯.,2016.08.24 21:30:38
311,okin ,221 마리의 메갈 돼지들이 비추를 누르고 튀었구나,2016.08.24 21:42:12
312,ㅇㅇ ,오랜만에 추천수나 확인해보려 왔는데 5000 ㅋㅋㅋㅋㅋㅋㅋ  - dc App,2016.08.24 22:48:51
313,침울청국장MK.III ,5001추는 내가 가져갔다!  - 말하는 청국장 :D,2016.08.24 22:51:46
314,ㅇㅇ(175.201),개추 5000넘었네; 디시에서 가능한 수친가 이게,2016.08.24 22:56:03
315,ㅇㅇ(110.70),5026 추,2016.08.24 23:40:50
316,드릭스 ,셧업 엔 테잌 마이 개추  - dc App,2016.08.24 23:42:38
317,ㅇㅇ(113.30),나 남잔데 (쿰) 이런거 그리면 (척) 창피하지도않냐? (쿵쾅)  - dc App,2016.08.25 00:05:57
318,ㅇㅇ(182.231),와 5000추 미쳤다,2016.08.25 01:09:31
319,지브스 ,ㅋㅋㅋㅋㅋ아씨발 ㅋㅋㅋㅋ 존나웃기네 ㅋㅋㅋㅋㅋㅋㅋㅋㅋㅋㅋㅋㅋㅋ(쿵쾅)  - dc App,2016.08.25 01:59:59
320,ㅇㅇ(219.254),어우 씨발 메갈년 진짜 토나온다 우웩,2016.08.25 02:18:28
321,ㅇㅇ(121.53),메갈 워마드하는 년들 진짜 역겹다 앞으로 길거리에 지나다니는 비계덩어리들만 봐도 토 나올거 같음,2016.08.25 03:08:43
322,ㅇㅇ(122.32),5천추 돌파!!!!!!!! 신기록이 어디까지 가는지 함 보자,2016.08.25 03:40:56
323,ㅇㅇ(1.249),추천오진다 ㅋㅋ  - dc App,2016.08.25 09:29:06
324,아르카나. ,아 시발 추장언냐 쓸데없이 존나잘그렸넼ㅋㅋㅋ 내 기억속의 임모탄을 건들지마 시발,2016.08.25 10:35:35
325,ㅇㅇ(211.36),이만화갖고 내용이 없고 자극적이다 그런 소리들 나오는데 원작영화 한번도 안봤거나 봤어도 제대로 안본 애들 혹은 메퇘지다. 패러디할 대상으로 매드맥스 분노의 도로를 택한것에서부터 이미 반쯤은 먹히고 들어가는데 심지어 구석구석 깨알같은 패러디까지 진심 명작이다 ㅋㅋㅋ,2016.08.25 11:25:33
326,ㅇㅇ(175.212),5천추 넘었ㅋㅋㅋㅋㅋㅋㅋㅋㅋㅋㅋ,2016.08.25 12:41:34
327,ㅇㅇ(221.151),여자들끼리사회는 절대 저리발전할수없는데... 걍 웃자고 만든 매드맥스패러디에 너무진지를거는것인가 ㅋㅋㅋ,2016.08.25 14:09:39
328,Heil_BIS ,235의 언냐들이 쿵쾅거리고 갔습니다  - dc App,2016.08.25 15:18:27
329,ㅇㅇ(182.224),2탄안나오냐,2016.08.25 15:25:03
330,ㅁㄴㅇㄹ(117.111),초반만 보고 대사만 바꾼줄 알았더니 그린거였넼ㅋㅋㅋㅋㅋㅋㅋㅋㅋ 개추박는다,2016.08.25 16:49:51
331,ㅇ(123.213),메퇘지언냐들 애써 이악물고 멋있는데? 재밌는데? ㅋㅋㅋㅋㅋㅋㅋㅋㅋㅋㅋㅋㅋㅋㅋㅋㅋㅋㅋㅋㅋㅋㅋㅋㅋㅋㅋㅋㅋㅋㅋㅋㅋㅋㅋㅋㅋㅋㅋㅋㅋㅋㅋㅋㅋㅋㅋㅋㅋㅋㅋㅋㅋㅋㅋㅋㅋㅋㅋㅋㅋㅋㅋㅋㅋㅋㅋㅋㅋㅋ,2016.08.25 17:40:50
332,(사막여우) ,퀄 씨발ㅋㅋㅋㅋㅋㅋㅋㅋㅋㅋㅋㅋㅋㅋㅋㅋㅋㅋㅋㅋㅋㅋㅋㅋㅋㅋㅋㅋㅋㅋㅋㅋ,2016.08.25 17:45:40
333,(사막여우) ,마지막에 S사이즈 딱지 붙이는게 존나 웃기네ㅋㅋㅋㅋㅋㅋㅋ,2016.08.25 17:46:27
334,ㅇ(123.213),그와중에 페이지 넘겨보니까 쿵쾅들끼리 또 혐오하네 ㅋㅋㅋ 사스가 보적보 이즈 싸이안스~~~~~~~~~~~~~~~~~~~~~~~~~~~~~~~~~,2016.08.25 17:47:23
335,ㅇㅇ(110.70),메갈언냐들 애써 재밌는데?ㅋㄲㅋㅋㅋ  - dc App,2016.08.25 18:08:01
336,ㅇㅇ(124.49),추천수는 수백개씩 올라가는데 비추는 참 깨작깨작 애잔하다 ㅋㅋㅋㅋㅋ,2016.08.25 18:33:48
337,ff(59.20),푸젖갑 갈수록 퀄이 높아지노 ㅋㅋㅋㅋ 첫 장면 보고 미국 코믹스 번역본인 줄 알았음 ㅋㅋㅋㅋㅋ,2016.08.25 19:28:27
338,ㅇㅇ(222.99),비추가 쿵쾅쿵쾅,2016.08.25 19:41:27
339,경찰청철창살(110.15),  - dc App답글쓰기,2016.08.25 19:59:50
340,맛맛맛맛 ,아 쿰 어쩌라고 척,2016.08.25 20:40:58
341,dd(59.5),위 아 섹시 앤 푸시!!,2016.08.25 20:52:34
342,dd(59.5),5000추 넘는건 처음봤다,2016.08.25 20:52:44
343,ㅇㅇ(110.70),쿵쾅쿵쾅하게 만들어줘,2016.08.25 21:06:45
344,ㅇㅇ(175.223),답글쓰기,2016.08.25 21:30:51
345,ㅇ(125.142),아니 씨발 역겨워서 웃기지가 않다 진짜 좆같은년들,2016.08.25 21:35:12
346,ㅇ(125.142),추천박고감,2016.08.25 21:35:14
347,ㅇㅇ(14.45),매갈들 쿵쾅거리는거봐랔ㅋㅋㅋ 효과오졌놐ㅋㅋㅋㅋ,2016.08.25 22:24:47
348,김쓰야 ,미초;;;  - dc App,2016.08.26 00:50:56
349,김쓰야 ,,2016.08.26 00:51:32
350,ㅇㅇ(115.143),1만 가자,2016.08.26 04:09:38
351,ㅇㅇ ,하루 한번 추천주러 들어온다,2016.08.26 05:48:28
352,풍맞은아재 ,,2016.08.26 13:56:09
353,ㅇ(183.98),진짜 드씨하면서 추천 5천넘어가는건 첨보는거 같네,2016.08.26 14:57:38
354,목포해상방위대신병김머중(220.124),정신병자 메퇘지 메갈리안을 이렇게 디테일하게 그리다니 ㅆㅅㅌㅊ ㅇㅂ준다 이기야,2016.08.26 15:25:07
355,ㅇㅇ(115.21),비추보소;;; 디시에 메갈이 260마리나 돼? 우웩!,2016.08.26 18:18:15
356,ㅇㅇ(27.117),메갈년들 이악물고 재미없다고 발악ㅋㅋㅋㅋㅋㅋㅋㅋㅋㅋㅋㅋㅋㅋㅋㅋㅋㅋㅋㅋㅋㅋㅋㅋㅋㅋㅋㅋㅋㅋㅋㅋㅋㅋㅋㅋㅋㅋㅋㅋㅋㅋㅋㅋㅋㅋㅋㅋㅋㅋㅋㅋㅋㅋㅋㅋㅋㅋㅋㅋㅋㅋㅋㅋㅋㅋㅋㅋㅋㅋㅋㅋㅋㅋㅋㅋㅋㅋㅋㅋㅋㅋㅋㅋㅋㅋㅋㅋㅋㅋㅋㅋㅋㅋㅋㅋㅋㅋㅋㅋㅋㅋㅋㅋㅋㅋㅋㅋㅋㅋㅋㅋㅋㅋㅋㅋㅋㅋㅋㅋㅋㅋㅋㅋㅋㅋㅋㅋㅋㅋㅋㅋㅋㅋㅋㅋㅋㅋㅋㅋㅋㅋㅋㅋㅋㅋㅋㅋㅋㅋㅋㅋㅋㅋㅋㅋ,2016.08.26 19:38:17
357,ㅎㄹ(121.165),추천 1000도 본적없는데 5000을 봐버렸어,2016.08.26 20:55:21
358,케댁치 ,퍄퍄!,2016.08.26 23:33:18
359,ㅇㅇ(59.20),새벽에 개추준다 이기야 ㅋㅋㅋㅋ디씨에서 추천 1000도 못봤다는 놈들 눈깔 어따 두고 다니냐? 요기 힛갤 리스트 밑에 보면 나비 키우는 만화랑 풍성충이 머리카락으로 설거지 하는 것도 추천 1000개 넘었는데 ㅋㅋㅋㅋ,2016.08.27 02:38:39
360,ㅇ33ㄷ3(61.82),씨발 오천추천은 첨본다 씨발 ㅋㅋㅋㅋ,2016.08.27 04:30:37
361,ㅇㅇ(223.62),그림퀄 쩐다.,2016.08.27 06:48:24
362,위험한속옷S ,ㅋㅋㅋㅋㅋㅋㅋ,2016.08.27 12:38:38
363,ㅇㅇ(121.174),한남 욕 먹는 거 요새 너무 심한 거 아닌가 했는데 아닌게 맞네 씩씩해서 좋겠네 계속 욕 먹어,2016.08.27 13:35:37
364,ㅇㅇ(110.15),메갈언냐들 쿵쾅대는게 여기까지 보이네  - dc App,2016.08.27 14:02:22
365,크로프트 ,오늘도 추천주러 왔어요!,2016.08.27 14:12:34
366,ㅇㅇ(211.235),6000추 가자!,2016.08.27 14:16:16
367,ㅇㅇ(110.13),추천수 쩐다,2016.08.27 14:54:43
368,ㅇㅇ(1.239),오늘도 어김없이 개추간다 이기이기이기,2016.08.27 18:35:53
370,ㅇㅇ(122.43),개웃곀ㅋㅋㅋㅋㅋㅋㅋㅋ,2016.08.27 20:38:08
369,ㅇㅇ(175.114),씹고퀄ㅋㅋㅋㅋㅋㅋㅋㅋ,2016.08.27 20:38:09
371,ㅇㅇ(122.35),6000추 가자 이기야!,2016.08.28 00:19:29
372,asdasd(58.141),디씨하면서 5천추넘은게 빠삐놈이후로 없었는디....,2016.08.28 08:12:44
373,케네쨩♡ ,ㅋㅋㅋㅋㅋㅋㅋㅋㅋㅋㅋㅋㅋㅋㅋㅋㅋㅋㅋㅋ,2016.08.28 08:57:00
374,ㅇㅇ(112.168),메갈언냐들한테는 감동물아니냐?ㅋㅋㅋㅋㅋㅋㅋㅋㅋㅋㅋㅋㅋㅋㅋㅋㅋㅋㅋㅋㅋㅋㅋㅋㅋㅋㅋㅋㅋㅋ,2016.08.28 12:00:15
375,ㅇㅇ(175.212),6천추로 가까워진다야,2016.08.28 12:53:08
376,위험한속옷S ,메갈 언니들 이거 보고 지구정복할 생각에 들뜬 듯,2016.08.28 12:59:55
377,상동으로가는길 ,퀄리티보소,2016.08.28 15:18:37
378,ㅁㄴㅇㄹ(211.117),압도적인 추천수좀 보소,2016.08.28 16:55:45
379,ㅇ(39.7),와 요즘 힛갤 퀄 미쳤네ㅋㅋㅋㅋㅋㅋㅋㅋㅋㅋ퍄퍄,2016.08.28 19:00:27
380,manuau ,이건머여?,2016.08.28 20:04:46
381,ㅇㅇ(118.41),와아 빠져든다 시발 ㅋㅋㅋㅋㅋㅋㅋㅋㅋㅋㅋㅋㅋㅋㅋㅋㅋㅋㅋㅋㅋㅋㅋㅋㅋㅋㅋㅋㅋ,2016.08.28 23:40:08
382,.(123.212),1일 1추 반만추 넘어서 만추 가나요,2016.08.29 02:29:26
383,ㅇㅇ(182.221),개쩌러 ㅋㅋㅋㅋㅋㅋㅋㅋㅋㅋㅋㅋㅋㅋㅋ,2016.08.29 09:23:17
384,ㄹㄴㄱ(110.70),이건 존나 명작이야ㅋㅋㅋㅋㅋㅋㅋㅋㅋ,2016.08.29 11:40:18
385,ㅇㅇ(180.65),퀄리티는 ㅆㅇㅈ 하는데 그렇게 웃기진 않음 그래도 ㅊㅊ,2016.08.29 11:49:45
386,ㅇㅇㅇ(175.210),미쳤네 아직도 추천 올라가네,2016.08.29 12:48:31
387,ㅇㅇ(180.70),메갈년들 너무 미화한거 아님? 저렇게 이쁠리가 없어,2016.08.29 12:59:32
388,dd(175.124),시발 이게 뭐야 ㅋㅋㅋㅋㅋㅋㅋㅋㅋㅋㅋㅋㅋㅋㅋㅋㅋㅋㅋㅋㅋ,2016.08.29 18:55:57
389,ㅇㅇ(110.70),퍄;;,2016.08.29 19:01:31
390,이비체고조넘 ,미친 추천수 왜케 많냐 ㅋㅋㅋㅋㅋㅋㅋ,2016.08.29 19:28:11
391,이비체고조넘 ,6천 추가 넘엇네,2016.08.29 19:28:35
392,ㅇㅇ(1.224),ㄹㅇ 6000추??,2016.08.29 20:23:18
393,ㅇㅇ(121.134),교도소일기가 50만에 구백추인데 9만에 육천추,2016.08.29 20:33:50
394,ㅇㅇ(222.100),하루한번 추천해라 이기야.,2016.08.29 21:05:52
395,galeJ ,씨발 내가 대체 뭘 본거짘ㅋㅋㅋㅋㅋ,2016.08.30 01:11:26
396,루루로루 ,미친거같애 ㅋㅋ,2016.08.30 09:27:46
397,루루로루 ,이게 안웃김? 한컷한컷이 다웃긴데ㅋㅋㅋ,2016.08.30 09:28:22
398,ㅇㅇ(121.140),커피,2016.08.30 12:03:29
399,ㅇㅇ(221.151),어제도 1추 오늘도 1추 내일도 1추다 이기야,2016.08.30 12:58:34
200,ㅇㅇ(112.185),웹갤 병신들은 지들 옹호하고 메갈 무시하던 작가들까지 죄다 병신만들어놓고ㅋㅋㅋㅋ 니들이랑 메갈이랑 다를거 없어 병신들아ㅋㅋㅋㅋㅋㅋ 이거 그린새끼도 웹툰 작가되면 어? 만화그리네? 메갈이네? 하면서 지랄할듯ㅋㅋㅋ,2016.08.30 16:38:00
201,ㅇㅇ(112.185),웹갤 병신들은 지들 옹호하고 메갈 무시하던 작가들까지 죄다 병신만들어놓고ㅋㅋㅋㅋ 니들이랑 메갈이랑 다를거 없어 병신들아ㅋㅋㅋㅋㅋㅋ 이거 그린새끼도 웹툰 작가되면 어? 만화그리네? 메갈이네? 하면서 지랄할듯ㅋㅋㅋ,2016.08.30 16:38:05
202,.(123.212),7천추 갑시다,2016.08.30 16:46:08
203,김젤딘 ,이거 제목에 스포라고 써있어서 못보고있는데 뭐에 대한 스포일러냐??,2016.08.30 17:58:10
204,S(61.75),미래에 대한,2016.08.30 18:48:24
205,ㅇㅇ(221.164),위에 쿵쾅쿵쾅 ㅂㄷㅂㄷ하네,2016.08.30 21:41:47
206,위험한속옷S ,6199,2016.08.30 22:23:32
207,OutLazy ,,2016.08.30 23:26:02
208,OutLazy ,,2016.08.30 23:26:33
209,civilization ,,2016.08.31 00:31:31
210,civilization ,,2016.08.31 00:31:36
211,civilization ,,2016.08.31 00:31:39
212,civilization ,,2016.08.31 00:31:50
213,ㅇㅇ ,입맛,2016.08.31 01:58:00
214,d(120.136),쿰쿰따리쿰쿰따,2016.08.31 08:43:29
215,ㅇㅇ(223.62),추천 6000개 ㅋㅋㅋㅋㅋㅋ ㅋㅋㅋㅋㅋㅋㅋㅋㅋㅋㅋㅋㅋ,2016.08.31 19:08:51
216,ㅇㅇ(1.250),일베도아니고 시발6300추 ㅋㅋㅋㅋㅋ,2016.08.31 19:21:12
217,늒네(106.249),여기가 그 성지입니까?,2016.08.31 23:31:46
218,ㅇㅇ ,,2016.09.01 00:06:56
219,Dd(68.99),씨발 퀄봐 ㅋㅋㅋㅋㅋㅋㅋㅋ,2016.09.01 16:14:58
220,asdf(14.47),미친;;,2016.09.01 16:53:33
221,ㅇㄷㅇㅇ(223.62),나 남잔데 내용 그런거 하나도없고 혐오감만 조장하는거같은데;;(쿵쾅),2016.09.01 17:41:42
222,Retions ,우왘ㅋㅋㅋㅋㅋㅋㅋㅋㅋㅋㅋㅋㅋㅋㅋㅋㅋㅋㅋㅋㅋㅋㅋㅋㅋㅋㅋㅋㅋㅋㅋㅋㅋㅋㅋㅋㅋㅋㅋㅋㅋㅋㅋㅋㅋㅋㅋㅋㅋㅋㅋㅋㅋㅋㅋㅋㅋ,2016.09.01 18:25:10
223,.(123.212),^^,2016.09.01 18:56:35
224,ㅇ(211.187),ㅑ파도파도 궈퀄만 만드노 ㅋㅋㅋㅋ,2016.09.01 19:02:37
225,ㅁㅁ(61.254),캬 명작이다 개추 매일 넣어야지~ 다음편이 기대된다!!,2016.09.01 20:41:24
226,ㅇㅇ(223.63),메갈년들 부들부들하는거보니 한남충 1승!,2016.09.02 14:17:49
227,ㅇㅇ(118.35),나 남잔데 쿵-쾅 재미읎네요 쿵-쾅,2016.09.03 14:50:42
228,츠티쨩 ,퀄리티 존나 미쳤네 ㅋㅋㅋㅋㅋㅋㅋㅋㅋ,2016.09.03 17:39:11
229,뉴네(106.249),6698,2016.09.04 02:06:37
230,뉴네(106.249),올해 대박나게 해주세요,2016.09.04 02:06:46
231,어구메(125.188),세상에 판타스틱 4 고무인간 젖탱이 늘어진거 봐라 ㅋㅋㅋㅋㅋㅋ 뭔 표현을 이렇게 해놨냐 ㅋㅋㅋㅋㅋ,2016.09.04 05:13:55
232,식봉이 ,,2016.09.04 11:40:44
233,ㅇㅇ(121.125),추천수 씨발ㅋㅋㅋㅋㅋ,2016.09.04 15:24:47
234,dd(122.36),일베인줄,2016.09.04 16:42:36
235,해커스잡는토익 ,지렸다,2016.09.04 20:56:48
236,엔클레이브 ,데갸아악,2016.09.04 21:42:52
237,위험한속옷S ,자 가자! 7000으로,2016.09.05 00:25:42
238,ㅇㅇ ,,2016.09.05 00:39:42
239,.(123.212),이제 곧 2페이지로 넘어가겠네. 만추는 힘드려나,2016.09.05 17:02:00
240,ㅇㅇ(124.49),이걸 그린거라고?,2016.09.06 11:05:17
241,일베하노이기 ,ㅋㅋㅋㅋㅋㅋㅋㅋㅋㅋㅋㅋㅋㅋㅋㅋㅋㅋㅋㅋㅋㅋㅋㅋㅋㅋㅋㅋㅋㅋㅋㅋㅋㅋㅋㅋㅋㅋㅋㅋㅋㅋㅋㅋㅋㅇㅂ,2016.09.06 11:23:17
242,월요일데이트 ,와 ...ㅋㅋㅋ,2016.09.06 13:19:46
243,ㅇㅇ(68.99),쿵...쾅... (쒸익...쒸익...) 쿵...쾅... (쒸익...쒸익...) 쿵...쾅... (쒸익...쒸익...) 쿵...쾅... (쒸익...쒸익...) 쿵...쾅... (쒸익...쒸익...) 쿵...쾅... (쒸익...쒸익...) 쿵...쾅... (쒸익...쒸익...) 쿵...쾅... (쒸익...쒸익...) 쿵...쾅... (쒸익...쒸익...) 쿵...쾅... (쒸익...쒸익...) 쿵...쾅... (쒸익...쒸익...) 쿵...쾅... (쒸익...쒸익...) 쿵...쾅... (쒸익...쒸익...) 쿵...쾅... (쒸익...쒸익...) 쿵...쾅... (쒸익...쒸익...) 쿵...쾅... (쒸익...쒸익...) 쿵...쾅... (쒸익...쒸익...) 쿵...쾅... (쒸익...쒸익...),2016.09.06 15:38:21
244,ㅇㅇ(121.154),7000추 간다!,2016.09.06 19:08:49
245,ㅇㅇ(125.133),6969 찍어놨다. 뒤는 맡긴다.,2016.09.06 19:18:56
246,ㅇㅇ(117.110),6974만듬ㅎ,2016.09.06 19:57:43
247,ㅂㅂ(61.101),내가 7000 찍음 ㅎㅎ,2016.09.06 23:10:01
248,ㅇㅇ(175.201),? 7천추 ㄷ,2016.09.07 01:41:33
249,ㅇㅇ(223.62),젤나가 맙소사! 누가 이런 끔찍한 메갈을 낳았단말인가...,2016.09.07 02:11:06
250,.(123.212),7030,2016.09.07 09:44:32
251,ㅇㅇ(124.199),씨발ㅋㅋㅋㅋㅋ댓글에 메갈언냐들 아닌척 족발떠는거보소ㅋㅋㅋ,2016.09.08 02:00:37
252,ㅋㅋㅋ(175.113),"와.. 컬러까지 입힌 그림체, 시나리오 전개 및 구도, 등장인물 설정과 풍자까지 진짜 모든게 완벽하다...",2016.09.08 06:25:21
253,송1가네 ,씨발 퀄보소 ㅋㅋㅋ,2016.09.08 11:22:49
254,ㅇㅇ(221.151),너도 한 방! 나도 한 방! 오늘도 개추 한 방!,2016.09.08 14:09:05
255,Mystic ,이거 7천넘겻내 ㅋㅋ,2016.09.09 01:58:46
256,ㅂㅂ(111.118),족발을 척! 비추를 척! 웜냐 비추준다고 현실이 달라져요? 깔깔깔,2016.09.11 16:03:20
257,ㅇㅇ(112.162),근데 첫컷이랑 만화내용이랑 지형이 다르네 첫컷 섬이라고 그린거 아니냐?,2016.09.11 16:22:27
258,성기순례(58.231),성지순대왔습니다.,2016.09.14 05:12:07
259,Thyer6837(211.36),이건 언제봐도 우주띵작이다.,2016.09.15 00:01:19
260,Thyer6837(211.36),1일 1추,2016.09.15 00:01:44
261,ㅇㅇ(121.152),씹명작 지리고 갑니다 - DCW,2016.09.15 21:43:57
262,시럽이 ,,2016.09.17 22:57:33
263,ㅇㅇ(124.58),7500가자  - dc App,2016.09.18 18:03:51
264,.(123.212),7545,2016.09.18 21:23:48
265,ㅇㅇ(115.143),7555,2016.09.18 21:32:43
266,혐성 ,후미23,2016.09.18 21:36:15
267,혐성 ,침울,2016.09.18 21:36:32
268,혐성 ,,2016.09.18 21:36:43
269,혐성 ,,2016.09.18 21:37:03
270,혐성 ,,2016.09.18 21:37:20
271,ㅇㅇ(123.111),추천수 7575 달성,2016.09.19 08:34:36
272,ㅇㅇ(124.216),추천수 7701 달성,2016.09.22 20:44:11
273,Jagdlöwe ,"한컷 한컷에서 작가의 열정이 느껴지며, 사회에 대한 풍자와 비판이 들어간 수작이다. 또한 프레데터, 판타스틱4 등 유명 영화의 패러디가 들어가 소소한 재미를 준다. 이 정도면 유어마나보다 내가 비평 잘하냐?  - dc App",2016.09.23 00:04:12
274,edd(222.121),8천추는 가능하지 않을까 지금이라도?,2016.09.23 14:47:10
275,ㅇㅇ(117.111),1일1추 - 북한 응딩이 따듯하다,2016.09.25 10:21:15
276,ㅇㄷ(183.109),곧7777추,2016.09.25 11:49:09
277,ㅇㅇ(221.161),1만추 가자,2016.09.26 22:13:20
278,2222(210.107),"똑바로 서라 한남, 8천추 가자.",2016.09.27 15:06:39
279,.(123.212),8천ㄱ,2016.09.29 23:05:54
280,160930(222.100),하루 한 번 추천하라 이기야.,2016.09.30 17:45:02
281,낭아풍풍권 ,7955,2016.10.01 22:59:32
282,ㅁㄴㅇㄹ(58.231),7973  - dc App,2016.10.02 10:46:42
283,.(123.212),7975,2016.10.02 13:18:44
284,ㅁㄴㅇㄹ(58.231),7990 10만 더올리자  - dc App,2016.10.02 22:26:10
285,ㅇ(14.32),7993,2016.10.03 02:36:35
286,ㅇㅇ(220.117),만추가자,2016.10.03 09:31:11
287,.(123.212),7995,2016.10.03 10:23:23
288,■x(218.39),ㅇㅂ  - dc App,2016.10.03 11:55:51
289,■x(218.39),7998 ㅇㅂ  - dc App,2016.10.03 11:56:19
290,강예빈김소희 ,8000은 나,2016.10.03 12:13:34
291,ㅇ(1.240),8000추 넘겼네,2016.10.03 12:38:08
292,sillybear(1.225),8천추 미쵸,2016.10.05 05:41:20
293,ㄱㄷㄴㄴㄴ(112.165),ㅁㅊㄷ,2016.10.06 04:23:08
294,김엘쥐 ,,2016.10.07 17:55:26
295,ㅇㄹ(211.206),정식연재 해주세요 제발,2016.10.07 23:36:50
296,ㅇㅇ(116.40),이거 반년안에 1만추 찍을 수 있으려나,2016.10.10 04:10:38
297,ㅇㅇ(58.239),이미 여긴 성지다,2016.10.10 22:02:46
298,데신자 ,8200,2016.10.11 01:27:39
299,ㅇㅇ(221.151),오늘도 박고간다. 가끔 생각날때마다 박으러오맠ㅋㅋㅋㅋㅋㅋㅋㅋ,2016.10.11 11:25:17
100,.(123.212),8270,2016.10.13 15:12:32
101,이비체고조넘 ,가끔 들를때마다 추천 박고간다,2016.10.13 16:21:27
102,파이크(112.133),우주급 명작이다....,2016.10.14 20:07:19
103,sillybear(1.225),빨리 10000채우자,2016.10.15 09:21:51
104,ㄹㄹ(114.206),지리고 간다,2016.10.16 21:31:39
105,ㅇㅇ(221.151),8458,2016.10.20 11:40:51
106,데신자 ,8500,2016.10.22 00:46:50
107,ㅣㅣ ,그림체보소..,2016.10.22 01:59:30
108,.(123.212),8536,2016.10.23 16:09:47
109,주작감별사(121.131),뭔 주절주절 말이 많노 3줄요약하라이기야아 팬픽 ㄱㅅ ^오^,2016.10.24 18:24:53
110,김길봉(118.39),"8585 찍고 간다. 제군들, 일만 고지가 머지 않았다! 힘내라.",2016.10.25 16:24:37
111,ㅇㅇ(221.151),8605,2016.10.26 14:14:46
112,.(123.212),8739,2016.11.02 14:33:29
113,ㅇㅇ(221.151),8752,2016.11.03 11:39:49
114,ㅇㅇ(221.161),8758,2016.11.04 00:26:42
115,궳뒗뷇 ,8792,2016.11.06 08:10:37
116,ㅇㅇ(1.236),오늘도 생각나서 추천주러 왔습니다,2016.11.06 10:13:42
117,dd(221.151),8831,2016.11.08 16:55:59
118,봉(223.39),8855,2016.11.10 10:03:27
119,ddd(180.66),8868,2016.11.11 03:21:54
120,와(223.62),8888추,2016.11.13 11:21:49
121,00(1.253),8900,2016.11.14 00:03:25
122,dd(221.151),8917,2016.11.15 13:47:45
123,ㅇㅇ(221.161),8923,2016.11.16 12:25:57
124,雪ノ下 ,8940,2016.11.17 04:53:13
125,네즈마요 ,8941  - りんりん,2016.11.17 05:48:42
126,dd(221.151),8961,2016.11.18 17:29:32
127,ᆞᆞ(121.132),20추 남았다  - dc App,2016.11.19 13:59:35
128,ㅇㅇ(221.161),8981,2016.11.19 16:05:21
129,쿵쾅코믹스(14.32),이거 진짜 미국 마블에 들어갈 수준아니냐?? 마블에 입사 신청해도 될정도 인데??,2016.11.19 21:03:18
130,아내가9000(123.213),아내가9000이다!,2016.11.20 12:01:23
131,ㄴㄴ(118.39),만추까지 D-980!!,2016.11.21 12:24:24
132,ㅇㅋ(1.228),9042 씨발 진짜 그림체 ㅆㅅㅌㅊ네,2016.11.23 03:33:59
133,dd(221.151),9048,2016.11.23 16:23:38
134,ㅇ(1.240),응 9000추,2016.11.23 17:25:17
135,ㅇㅇ(114.70),9097,2016.11.27 21:47:01
136,피망맛없음(109.24),9099,2016.11.28 01:12:58
137,ㅇㅇ(116.34),9099,2016.11.28 03:10:50
138,.(123.212),9117,2016.11.29 14:35:45
139,dd(221.151),9118,2016.11.29 14:36:27
140,위험한속옷S ,9120  - dc App,2016.11.29 22:10:56
141,ㅇㅇ(121.132),9132,2016.12.01 09:51:15
142,雪ノ下 ,9135,2016.12.01 13:15:07
143,ㅇㅇㅇ(211.36),9150,2016.12.02 02:24:11
144,dd(118.40),9157,2016.12.02 18:32:39
145,포키 ,9168  - dc App,2016.12.03 11:53:48
146,ㅁㄴㅇㄹ(175.223),9186  - dc App,2016.12.04 18:49:49
147,ㅇㅇ(114.70),9189,2016.12.05 01:22:07
148,입체고환 ,9200  - dc App,2016.12.06 04:54:26
149,ㅇㅇ(221.151),9205,2016.12.06 15:39:03
150,ㅇㅇ(203.236),9226,2016.12.08 12:35:00
151,.(123.212),9235,2016.12.08 21:36:29
152,ㅁㅅ(58.123),박영선 인증글이 이 글보다 먼저 1만추 달성했네 ㅜㅠ,2016.12.08 22:47:45
153,ㅇㅇ(221.161),9257,2016.12.10 12:51:21
154,봉(223.39),9300,2016.12.14 09:47:13
155,ㅁㅇㄹ(112.161),9321,2016.12.16 19:42:59
156,.(123.212),9335,2016.12.17 19:01:32
157,양면테잎 ,9371,2016.12.21 02:56:33
158,음험한Soggoth ,9418,2016.12.24 20:42:37
159,할랄(14.42),9432,2016.12.25 21:40:52
160,dd(221.151),9438,2016.12.26 16:27:17
161,허리를접어드림 ,9459,2016.12.28 16:24:44
162,리밍 ,9485,2016.12.31 00:34:15
163,ㄴㅁㅇ(182.215),ㅁㄴㅇ,2017.01.02 16:18:15
164,ㅇㅇ(221.161),9533,2017.01.04 20:15:08
165,뚜로뿌빠 ,펑,2017.01.06 18:41:04
166,ㅇㅇ(211.210),1400댓  - dc App,2017.01.08 22:43:32
167,ㅇㅇ(118.39),9600,2017.01.10 10:37:40
168,ㅇㅇ(220.86),9604,2017.01.10 18:27:55
169,iphr9563(121.175),9612,2017.01.11 10:14:57
170,■x(218.39),ㅇㅂㅇㅂ  - dc App,2017.01.11 22:59:11
171,음험한Soggoth ,9621,2017.01.12 00:54:55
172,ㅇㅇ(114.199),9639,2017.01.13 19:48:21
173,ㅇㅇ(211.196),만추..,2017.01.14 00:25:28
174,음험한Soggoth ,9664,2017.01.16 00:38:55
175,뭐쓰라는거 ,9711,2017.01.19 21:48:46
176,oo(1.253),9730,2017.01.20 21:12:58
177,dd(121.176),9738,2017.01.21 12:48:37
178,dd(115.143),9747,2017.01.21 20:32:37
179,dd(115.143),9766,2017.01.23 20:07:23
180,ㅇㅇ(211.222),9879,2017.01.26 01:36:04
181,asf(218.38),만추가자,2017.01.26 12:06:47
182,ㅇㅇ(222.100),1만추 보고 싶다.,2017.01.29 14:36:53
183,ㅇㅇ(211.36),9900,2017.02.03 13:29:47
184,ㅇㅇ(122.32),9901,2017.02.03 14:12:10
185,포키 ,9909  - dc App,2017.02.03 18:59:54
186,노네임 ,9920,2017.02.04 13:31:03
187,ㅇㅇ(211.210),가자 1만추  - dc App,2017.02.04 21:14:54
188,ㅇㅇ(221.160),9940,2017.02.05 17:32:09
189,ㅇㅇ(122.32),9952,2017.02.06 02:07:28
190,ㅇㅇ(122.32),9973,2017.02.07 07:46:11
191,ㅇㅇ(118.39),9977,2017.02.07 13:39:09
192,ㅇㅇ(1.253),9980,2017.02.07 17:42:11
193,ㅇㅇ(220.86),9981,2017.02.07 18:45:04
194,ㄴㅁㅇㅋ ,9983,2017.02.07 20:51:26
195,포키 ,16개남았다,2017.02.07 21:41:19
196,갓-클린 ,12개 남았다,2017.02.08 00:03:54
197,ddd(180.66),9994,2017.02.08 01:25:58
198,ㅇㅇ(122.32),9995,2017.02.08 02:30:43
199,현대미술맨(175.210),9998,2017.02.08 06:59:03
0,포키 ,야 내가 만이다!!  - dc App,2017.02.08 08:30:01
2,봉(223.62),10001 드디어 만추 달성했네.,2017.02.08 09:32:12
3,33(210.107),10001,2017.02.08 12:35:23
4,비둘기(222.112),10002,2017.02.08 20:13:43
5,ㅇㅇ(118.39),10010,2017.02.09 11:10:44
6,shawn(1.240),10000추 넘겼네,2017.02.09 21:59:20
7,ㄷㅇㅇ(183.109),10024추,2017.02.10 21:21:27
8,ㅇㅇ(175.223),수고했다 후속작 봐라 http://m.dcinside.com/view.php?id=cartoon&no=328068&page=1,2017.02.10 21:31:00
9,vivi ,,2017.02.11 00:39:47
10,ㅇㅇ(1.253),10101,2017.02.11 12:18:27
11,13강초띵장 ,10104,2017.02.11 12:49:19
12,13강초띵장 ,티잔걸,2017.02.11 12:49:40
13,ㄴㅁㅇㅋ ,,2017.02.14 20:55:42
14,얼빠진소 ,10217,2017.02.16 14:18:14
15,ㅇㅇ(1.253),10230,2017.02.18 18:28:11
16,ㅇㅇ(123.140),10234,2017.02.19 03:59:29
17,Sass ,10249,2017.02.21 15:17:06
18,ㅇㅇ(118.39),12500,2017.02.21 17:15:11
19,UHH(175.223),10327/1454,2017.03.13 19:52:38
20,메퇘지(61.99),10341,2017.03.22 23:55:31
21,메퇘지(61.99),10341,2017.03.22 23:55:35
22,메퇘지(61.99),10341,2017.03.22 23:55:41
23,메퇘지(61.99),아 씨발 엔터누르면 댓글올라가네 실수; 쨌든 성지순례하고갑니다,2017.03.22 23:56:42
24,U_WOT_M8 ,만개 넘었노,2017.04.02 00:53:56
25,U_WOT_M8 ,그래서 초코송이 뭔뜻인데,2017.04.02 01:03:55
26,ㅁㄴㅇㄹ(211.36),ㅋㅋㅋㅋㅋㅋㅋㅋ 미친ㅋㅋㅋㅋ 나의 프레데터쨔응은 이러지 않다!,2017.04.10 00:21:44
27,ㅁㄴㅇㄹ(211.36),아아... 인류의 미래는 어둡다!,2017.04.10 00:29:14
28,ㅇㅇ ,,2017.04.14 18:57:35
29,ㅇㅇ(59.187),와 만개가 넘었네 ㅋㅋㅋ,2017.04.17 11:56:01
30,ㅇㅇ(59.187),김치년싫어,2017.04.17 11:56:09
31,ㅇㅇ(59.187),김치녀싫어,2017.04.17 11:56:13
32,ㅇㅇ(59.187),한국여자싫어,2017.04.17 11:56:18
33,ㅇㅇ(59.187),십중칠예 싫어,2017.04.17 11:56:20
34,ㅇㅇ(59.187),독박징병 싫어,2017.04.17 11:56:26
35,ㅇㅇ(59.187),원정충 싫어,2017.04.17 11:56:38
36,ㅇㅇ(59.187),10404,2017.04.17 11:56:50
37,ㅇㅇ(59.187),이만추화이팅,2017.04.17 11:57:00
38,ㅇㅇ(59.187),20000~~~~~~~~,2017.04.17 11:57:04
39,ㅇㅇ(59.187),30000~~~~~~~~~,2017.04.17 11:57:10
40,ㅇㅇ(59.187),40000~~~~~~~~~~~~,2017.04.17 11:57:12
41,ㅇㅇ(59.187),50000~~~~~~~~~~~,2017.04.17 11:57:15
42,ㅇㅇ(59.187),60000~~~~~~~~~~,2017.04.17 11:57:21
43,얄리얄라얄라셩 ,10410  - dc App,2017.04.22 01:27:05
44,U_WOT_M8 ,10444,2017.05.06 01:21:58
45,ㅇㅇ(125.139),10446,2017.05.07 16:00:35
46,dfdf(1.240),10400추 넘음 ㅋㅋㅋ,2017.05.29 20:38:26
47,dd(39.119),10489,2017.06.06 14:41:59
48,ㅁㅁㅁㅁ(218.152),10500,2017.06.11 22:47:33
49,ㅇㅇ(125.180),10505,2017.06.12 23:50:27
50,.(123.140),메갈보다 훨씬 쓰레기가 바로 병장이야. 근데 꼴마초 새끼들은 그걸 몰라. 인류역사상 최악의 개좆병신이 바로 예비역 병장이라는 걸 말이다. 예비역 병장의 배는 회칼로 쑤셔야 제맛이다.,2017.06.21 01:22:33
51,ㅇㅇ(49.171),10527,2017.06.21 13:08:17
52,1231(175.124),10530,2017.06.22 22:22:15
53,ㅇㅇ(222.107),10541,2017.06.28 21:08:02
54,ㅇㅇ(117.111),10545 ㅋㅋㅋ,2017.06.29 14:16:10
55,레드록바 ,10620  - dc App,2017.08.09 18:10:11
56,ㅇㅇ(14.33),10646  - dc App,2017.08.12 16:52:25
57,ㅇㅅㅇ(221.148),10649,2017.08.13 12:05:21
58,lennonlemon(1.244),성지순례,2017.08.16 19:46:42
59,ㅇㅇ(119.195),10663,2017.08.20 03:54:38
60,ㅇㅇ(121.171),언냐들 배에 튜브 몇개둘렀노,2017.08.20 23:54:11
61,Delete ,15,2017.08.30 18:27:08
62,Delete ,16,2017.08.30 18:27:15
63,코술소 ,와씨 보기만해도 극혐이다,2017.09.09 00:04:08
64,ㅇㅇ(1.224),10688,2017.09.11 01:00:20
65,ㅇㅇ(124.5),10695,2017.09.14 00:22:35
66,ㅇㅇ(220.72),이미 G값이 10을 넘은 게시물입니다,2017.10.11 19:16:55
67,세쟈 ,와 추천수 이리 많은건 처음이다,2017.10.19 15:21:53
68,명작(119.18),너무 완벽한 명작이야...,2017.10.20 22:36:03
69,ㅇㅇ(219.241),10789추,2017.11.03 09:38:47
70,불협화음IV ,10799  - dc App,2017.11.17 12:46:30
71,미니(121.127),10802,2017.11.19 14:28:39
72,메갈전사(110.70),깔깔 우리 팬아트인거? 개쎄게 그렸네 난 저기 족장이랑 닮음 ㅋㅋㅋㅋㅋㅋㅋㅋ,2017.12.09 22:06:17
73,zhsjss(180.65),10843,2017.12.27 13:24:20
74,트위터 꼴페미(222.234),캬 오지는 명작이다 아임니까^^ 봊 멋잇노^^,2017.12.31 00:41:29
75,ㅇㅇ(175.199),10900,2018.03.11 16:47:59
76,ㅇㅇ(61.109),ㅋㅋ,2018.03.19 21:48:59
77,메갈수장(219.248),마!한남들 메갈 팬이노? 싸인함해주까?ㅋ 팬아트도그리노~,2018.07.04 05:16:45
78,ㅇㅇ ,11058,2018.08.25 13:32:43
79,ㅇㅇ(110.70),11076,2018.09.12 14:36:26
80,콤퓨어 ,여가 그 성지너,2018.12.30 15:00:36
81,콤퓨어 ,11128,2018.12.30 15:00:48
82,ㅇㅇ(115.139),11143,2019.01.21 20:29:22
83,ZS620KL ,11162  - dc App,2019.03.17 10:09:25
84,하무열3 ,현실화됨,2020.02.09 13:26:48
85,ㅇㅇ(112.151),한남이나 한녀나 어차피 다 똑같은 한인인것을... 선천적인 조건을 가지고 차별하진 말자 얘들아,2020.08.08 00:46:08
87,ㅇㅇ(182.222),실베추,2021.06.03 18:12:16
88,ㅇㅇ(220.117),디시콘 보기,2021.06.03 18:16:24
89,ㅇㅇ(220.117),지구 뿌셔 한남 뿌셔 ㅠㅠㅠㅠ....,2021.06.03 18:16:49
90,좌파 ,디시콘 보기,2021.06.03 18:41:50
91,좌파 ,디시콘 보기,2021.06.03 18:42:04
92,좌파 ,디시콘 보기,2021.06.03 18:42:13
93,좌파 ,디시콘 보기,2021.06.03 18:44:07
94,좌파 ,디시콘 보기,2021.06.03 18:44:13
95,좌파 ,디시콘 보기,2021.06.03 18:44:24
1,좌파 ,디시콘 보기,2021.06.03 18:45:05
96,CoimioC ,개추,2021.06.03 19:33:37
97,ㅇㅇ(211.200),성지순례왔습니다 ㅠㅠ,2021.06.03 21:35:25
98,ㅇㅁ(125.130),로또되게 해주세요 ㅠㅠ,2021.06.03 21:41:38
99,ㅇㅇ(175.200),성지순례 하고감,2021.06.03 22:11:33
86,ㅎㅎ(49.170),ㅇㅈ,2021.07.27 21:21:46
